Country_code,Country Name,year,population
ABW,Aruba,2005,100028
ABW,Aruba,2006,100830
ABW,Aruba,2007,101226
ABW,Aruba,2008,101362
ABW,Aruba,2009,101452
ABW,Aruba,2010,101665
ABW,Aruba,2011,102050
ABW,Aruba,2012,102565
ABW,Aruba,2013,103165
ABW,Aruba,2014,103776
ABW,Aruba,2015,104339
ABW,Aruba,2016,104865
ABW,Aruba,2017,105361
ABW,Aruba,2018,105846
ABW,Aruba,2019,106310
ABW,Aruba,2020,106766
ABW,Aruba,2021,107195
AFG,Afghanistan,2005,25654274
AFG,Afghanistan,2006,26433058
AFG,Afghanistan,2007,27100542
AFG,Afghanistan,2008,27722281
AFG,Afghanistan,2009,28394806
AFG,Afghanistan,2010,29185511
AFG,Afghanistan,2011,30117411
AFG,Afghanistan,2012,31161378
AFG,Afghanistan,2013,32269592
AFG,Afghanistan,2014,33370804
AFG,Afghanistan,2015,34413603
AFG,Afghanistan,2016,35383028
AFG,Afghanistan,2017,36296111
AFG,Afghanistan,2018,37171922
AFG,Afghanistan,2019,38041757
AFG,Afghanistan,2020,38928341
AFG,Afghanistan,2021,39835428
AGO,Angola,2005,19433604
AGO,Angola,2006,20149905
AGO,Angola,2007,20905360
AGO,Angola,2008,21695636
AGO,Angola,2009,22514275
AGO,Angola,2010,23356247
AGO,Angola,2011,24220660
AGO,Angola,2012,25107925
AGO,Angola,2013,26015786
AGO,Angola,2014,26941773
AGO,Angola,2015,27884380
AGO,Angola,2016,28842482
AGO,Angola,2017,29816769
AGO,Angola,2018,30809787
AGO,Angola,2019,31825299
AGO,Angola,2020,32866268
AGO,Angola,2021,33933611
ALB,Albania,2005,3011487
ALB,Albania,2006,2992547
ALB,Albania,2007,2970017
ALB,Albania,2008,2947314
ALB,Albania,2009,2927519
ALB,Albania,2010,2913021
ALB,Albania,2011,2905195
ALB,Albania,2012,2900401
ALB,Albania,2013,2895092
ALB,Albania,2014,2889104
ALB,Albania,2015,2880703
ALB,Albania,2016,2876101
ALB,Albania,2017,2873457
ALB,Albania,2018,2866376
ALB,Albania,2019,2854191
ALB,Albania,2020,2837849
ALB,Albania,2021,2811666
AND,Andorra,2005,78871
AND,Andorra,2006,80995
AND,Andorra,2007,82682
AND,Andorra,2008,83860
AND,Andorra,2009,84461
AND,Andorra,2010,84454
AND,Andorra,2011,83748
AND,Andorra,2012,82427
AND,Andorra,2013,80770
AND,Andorra,2014,79213
AND,Andorra,2015,77993
AND,Andorra,2016,77295
AND,Andorra,2017,76997
AND,Andorra,2018,77008
AND,Andorra,2019,77146
AND,Andorra,2020,77265
AND,Andorra,2021,77354
ARE,United Arab Emirates,2005,4588222
ARE,United Arab Emirates,2006,5300172
ARE,United Arab Emirates,2007,6168846
ARE,United Arab Emirates,2008,7089486
ARE,United Arab Emirates,2009,7917368
ARE,United Arab Emirates,2010,8549998
ARE,United Arab Emirates,2011,8946778
ARE,United Arab Emirates,2012,9141598
ARE,United Arab Emirates,2013,9197908
ARE,United Arab Emirates,2014,9214182
ARE,United Arab Emirates,2015,9262896
ARE,United Arab Emirates,2016,9360975
ARE,United Arab Emirates,2017,9487206
ARE,United Arab Emirates,2018,9630966
ARE,United Arab Emirates,2019,9770526
ARE,United Arab Emirates,2020,9890400
ARE,United Arab Emirates,2021,9991083
ARG,Argentina,2005,38892924
ARG,Argentina,2006,39289876
ARG,Argentina,2007,39684303
ARG,Argentina,2008,40080159
ARG,Argentina,2009,40482786
ARG,Argentina,2010,40788453
ARG,Argentina,2011,41261490
ARG,Argentina,2012,41733271
ARG,Argentina,2013,42202935
ARG,Argentina,2014,42669500
ARG,Argentina,2015,43131966
ARG,Argentina,2016,43590368
ARG,Argentina,2017,44044811
ARG,Argentina,2018,44494502
ARG,Argentina,2019,44938712
ARG,Argentina,2020,45376763
ARG,Argentina,2021,45808747
ARM,Armenia,2005,2981262
ARM,Armenia,2006,2958301
ARM,Armenia,2007,2932615
ARM,Armenia,2008,2907615
ARM,Armenia,2009,2888094
ARM,Armenia,2010,2877314
ARM,Armenia,2011,2876536
ARM,Armenia,2012,2884239
ARM,Armenia,2013,2897593
ARM,Armenia,2014,2912403
ARM,Armenia,2015,2925559
ARM,Armenia,2016,2936147
ARM,Armenia,2017,2944789
ARM,Armenia,2018,2951741
ARM,Armenia,2019,2957728
ARM,Armenia,2020,2963234
ARM,Armenia,2021,2968128
ASM,American Samoa,2005,59557
ASM,American Samoa,2006,59109
ASM,American Samoa,2007,58367
ASM,American Samoa,2008,57490
ASM,American Samoa,2009,56675
ASM,American Samoa,2010,56084
ASM,American Samoa,2011,55755
ASM,American Samoa,2012,55669
ASM,American Samoa,2013,55717
ASM,American Samoa,2014,55791
ASM,American Samoa,2015,55806
ASM,American Samoa,2016,55739
ASM,American Samoa,2017,55617
ASM,American Samoa,2018,55461
ASM,American Samoa,2019,55312
ASM,American Samoa,2020,55197
ASM,American Samoa,2021,55103
ATG,Antigua and Barbuda,2005,81462
ATG,Antigua and Barbuda,2006,82715
ATG,Antigua and Barbuda,2007,84029
ATG,Antigua and Barbuda,2008,85394
ATG,Antigua and Barbuda,2009,86743
ATG,Antigua and Barbuda,2010,88030
ATG,Antigua and Barbuda,2011,89250
ATG,Antigua and Barbuda,2012,90407
ATG,Antigua and Barbuda,2013,91510
ATG,Antigua and Barbuda,2014,92562
ATG,Antigua and Barbuda,2015,93571
ATG,Antigua and Barbuda,2016,94520
ATG,Antigua and Barbuda,2017,95425
ATG,Antigua and Barbuda,2018,96282
ATG,Antigua and Barbuda,2019,97115
ATG,Antigua and Barbuda,2020,97928
ATG,Antigua and Barbuda,2021,98728
AUS,Australia,2005,20394800
AUS,Australia,2006,20697900
AUS,Australia,2007,20827600
AUS,Australia,2008,21249200
AUS,Australia,2009,21691700
AUS,Australia,2010,22031750
AUS,Australia,2011,22340024
AUS,Australia,2012,22733465
AUS,Australia,2013,23128129
AUS,Australia,2014,23475686
AUS,Australia,2015,23815995
AUS,Australia,2016,24190907
AUS,Australia,2017,24601860
AUS,Australia,2018,24982688
AUS,Australia,2019,25365745
AUS,Australia,2020,25693267
AUS,Australia,2021,25739256
AUT,Austria,2005,8227829
AUT,Austria,2006,8268641
AUT,Austria,2007,8295487
AUT,Austria,2008,8321496
AUT,Austria,2009,8343323
AUT,Austria,2010,8363404
AUT,Austria,2011,8391643
AUT,Austria,2012,8429991
AUT,Austria,2013,8479823
AUT,Austria,2014,8546356
AUT,Austria,2015,8642699
AUT,Austria,2016,8736668
AUT,Austria,2017,8797566
AUT,Austria,2018,8840521
AUT,Austria,2019,8879920
AUT,Austria,2020,8916864
AUT,Austria,2021,8956279
AZE,Azerbaijan,2005,8391850
AZE,Azerbaijan,2006,8484550
AZE,Azerbaijan,2007,8581300
AZE,Azerbaijan,2008,8763400
AZE,Azerbaijan,2009,8947243
AZE,Azerbaijan,2010,9054332
AZE,Azerbaijan,2011,9173082
AZE,Azerbaijan,2012,9295784
AZE,Azerbaijan,2013,9416801
AZE,Azerbaijan,2014,9535079
AZE,Azerbaijan,2015,9649341
AZE,Azerbaijan,2016,9757812
AZE,Azerbaijan,2017,9854033
AZE,Azerbaijan,2018,9939771
AZE,Azerbaijan,2019,10024283
AZE,Azerbaijan,2020,10093121
AZE,Azerbaijan,2021,10145212
BDI,Burundi,2005,7364857
BDI,Burundi,2006,7607850
BDI,Burundi,2007,7862226
BDI,Burundi,2008,8126104
BDI,Burundi,2009,8397661
BDI,Burundi,2010,8675606
BDI,Burundi,2011,8958406
BDI,Burundi,2012,9245992
BDI,Burundi,2013,9540302
BDI,Burundi,2014,9844301
BDI,Burundi,2015,10160034
BDI,Burundi,2016,10488002
BDI,Burundi,2017,10827010
BDI,Burundi,2018,11175379
BDI,Burundi,2019,11530577
BDI,Burundi,2020,11890781
BDI,Burundi,2021,12255429
BEL,Belgium,2005,10478617
BEL,Belgium,2006,10547958
BEL,Belgium,2007,10625700
BEL,Belgium,2008,10709973
BEL,Belgium,2009,10796493
BEL,Belgium,2010,10895586
BEL,Belgium,2011,11038264
BEL,Belgium,2012,11106932
BEL,Belgium,2013,11159407
BEL,Belgium,2014,11209057
BEL,Belgium,2015,11274196
BEL,Belgium,2016,11331422
BEL,Belgium,2017,11375158
BEL,Belgium,2018,11427054
BEL,Belgium,2019,11488980
BEL,Belgium,2020,11544241
BEL,Belgium,2021,11587882
BEN,Benin,2005,7982223
BEN,Benin,2006,8216893
BEN,Benin,2007,8454790
BEN,Benin,2008,8696915
BEN,Benin,2009,8944713
BEN,Benin,2010,9199254
BEN,Benin,2011,9460829
BEN,Benin,2012,9729254
BEN,Benin,2013,10004594
BEN,Benin,2014,10286839
BEN,Benin,2015,10575962
BEN,Benin,2016,10872072
BEN,Benin,2017,11175192
BEN,Benin,2018,11485035
BEN,Benin,2019,11801151
BEN,Benin,2020,12123198
BEN,Benin,2021,12451031
BFA,Burkina Faso,2005,13421935
BFA,Burkina Faso,2006,13829173
BFA,Burkina Faso,2007,14252029
BFA,Burkina Faso,2008,14689725
BFA,Burkina Faso,2009,15141098
BFA,Burkina Faso,2010,15605211
BFA,Burkina Faso,2011,16081915
BFA,Burkina Faso,2012,16571252
BFA,Burkina Faso,2013,17072791
BFA,Burkina Faso,2014,17586029
BFA,Burkina Faso,2015,18110616
BFA,Burkina Faso,2016,18646350
BFA,Burkina Faso,2017,19193236
BFA,Burkina Faso,2018,19751466
BFA,Burkina Faso,2019,20321383
BFA,Burkina Faso,2020,20903278
BFA,Burkina Faso,2021,21497097
BGD,Bangladesh,2005,139035505
BGD,Bangladesh,2006,140921154
BGD,Bangladesh,2007,142660381
BGD,Bangladesh,2008,144304164
BGD,Bangladesh,2009,145924795
BGD,Bangladesh,2010,147575433
BGD,Bangladesh,2011,149273134
BGD,Bangladesh,2012,151005733
BGD,Bangladesh,2013,152761413
BGD,Bangladesh,2014,154517385
BGD,Bangladesh,2015,156256287
BGD,Bangladesh,2016,157977151
BGD,Bangladesh,2017,159685421
BGD,Bangladesh,2018,161376713
BGD,Bangladesh,2019,163046173
BGD,Bangladesh,2020,164689383
BGD,Bangladesh,2021,166303494
BGR,Bulgaria,2005,7658972
BGR,Bulgaria,2006,7601022
BGR,Bulgaria,2007,7545338
BGR,Bulgaria,2008,7492561
BGR,Bulgaria,2009,7444443
BGR,Bulgaria,2010,7395599
BGR,Bulgaria,2011,7348328
BGR,Bulgaria,2012,7305888
BGR,Bulgaria,2013,7265115
BGR,Bulgaria,2014,7223938
BGR,Bulgaria,2015,7177991
BGR,Bulgaria,2016,7127822
BGR,Bulgaria,2017,7075947
BGR,Bulgaria,2018,7025037
BGR,Bulgaria,2019,6975761
BGR,Bulgaria,2020,6934015
BGR,Bulgaria,2021,6899125
BHR,Bahrain,2005,889157
BHR,Bahrain,2006,958423
BHR,Bahrain,2007,1035924
BHR,Bahrain,2008,1114645
BHR,Bahrain,2009,1185075
BHR,Bahrain,2010,1240864
BHR,Bahrain,2011,1278153
BHR,Bahrain,2012,1299942
BHR,Bahrain,2013,1315029
BHR,Bahrain,2014,1336073
BHR,Bahrain,2015,1371853
BHR,Bahrain,2016,1425793
BHR,Bahrain,2017,1494077
BHR,Bahrain,2018,1569440
BHR,Bahrain,2019,1641164
BHR,Bahrain,2020,1701583
BHR,Bahrain,2021,1748295
BHS,"Bahamas, The",2005,324848
BHS,"Bahamas, The",2006,331032
BHS,"Bahamas, The",2007,337387
BHS,"Bahamas, The",2008,343680
BHS,"Bahamas, The",2009,349600
BHS,"Bahamas, The",2010,354936
BHS,"Bahamas, The",2011,359583
BHS,"Bahamas, The",2012,363581
BHS,"Bahamas, The",2013,367162
BHS,"Bahamas, The",2014,370625
BHS,"Bahamas, The",2015,374200
BHS,"Bahamas, The",2016,377923
BHS,"Bahamas, The",2017,381749
BHS,"Bahamas, The",2018,385635
BHS,"Bahamas, The",2019,389486
BHS,"Bahamas, The",2020,393248
BHS,"Bahamas, The",2021,396914
BIH,Bosnia and Herzegovina,2005,3765332
BIH,Bosnia and Herzegovina,2006,3765422
BIH,Bosnia and Herzegovina,2007,3762791
BIH,Bosnia and Herzegovina,2008,3754261
BIH,Bosnia and Herzegovina,2009,3735945
BIH,Bosnia and Herzegovina,2010,3705478
BIH,Bosnia and Herzegovina,2011,3661173
BIH,Bosnia and Herzegovina,2012,3604972
BIH,Bosnia and Herzegovina,2013,3542598
BIH,Bosnia and Herzegovina,2014,3482106
BIH,Bosnia and Herzegovina,2015,3429362
BIH,Bosnia and Herzegovina,2016,3386263
BIH,Bosnia and Herzegovina,2017,3351534
BIH,Bosnia and Herzegovina,2018,3323929
BIH,Bosnia and Herzegovina,2019,3300998
BIH,Bosnia and Herzegovina,2020,3280815
BIH,Bosnia and Herzegovina,2021,3263459
BLR,Belarus,2005,9663915
BLR,Belarus,2006,9604924
BLR,Belarus,2007,9560953
BLR,Belarus,2008,9527985
BLR,Belarus,2009,9504583
BLR,Belarus,2010,9483836
BLR,Belarus,2011,9461643
BLR,Belarus,2012,9446836
BLR,Belarus,2013,9443211
BLR,Belarus,2014,9448515
BLR,Belarus,2015,9461076
BLR,Belarus,2016,9469379
BLR,Belarus,2017,9458989
BLR,Belarus,2018,9438785
BLR,Belarus,2019,9419758
BLR,Belarus,2020,9379952
BLR,Belarus,2021,9340314
BLZ,Belize,2005,283798
BLZ,Belize,2006,291338
BLZ,Belize,2007,299031
BLZ,Belize,2008,306822
BLZ,Belize,2009,314655
BLZ,Belize,2010,322465
BLZ,Belize,2011,330236
BLZ,Belize,2012,338001
BLZ,Belize,2013,345707
BLZ,Belize,2014,353366
BLZ,Belize,2015,360926
BLZ,Belize,2016,368399
BLZ,Belize,2017,375775
BLZ,Belize,2018,383071
BLZ,Belize,2019,390351
BLZ,Belize,2020,397621
BLZ,Belize,2021,404915
BMU,Bermuda,2005,64154
BMU,Bermuda,2006,64523
BMU,Bermuda,2007,64888
BMU,Bermuda,2008,65273
BMU,Bermuda,2009,65636
BMU,Bermuda,2010,65124
BMU,Bermuda,2011,64564
BMU,Bermuda,2012,64798
BMU,Bermuda,2013,65001
BMU,Bermuda,2014,65138
BMU,Bermuda,2015,65237
BMU,Bermuda,2016,64554
BMU,Bermuda,2017,63873
BMU,Bermuda,2018,63918
BMU,Bermuda,2019,63911
BMU,Bermuda,2020,63893
BMU,Bermuda,2021,63867
BOL,Bolivia,2005,9232301
BOL,Bolivia,2006,9395449
BOL,Bolivia,2007,9558438
BOL,Bolivia,2008,9721457
BOL,Bolivia,2009,9884790
BOL,Bolivia,2010,10048597
BOL,Bolivia,2011,10212951
BOL,Bolivia,2012,10377677
BOL,Bolivia,2013,10542375
BOL,Bolivia,2014,10706517
BOL,Bolivia,2015,10869732
BOL,Bolivia,2016,11031822
BOL,Bolivia,2017,11192853
BOL,Bolivia,2018,11353140
BOL,Bolivia,2019,11513102
BOL,Bolivia,2020,11673029
BOL,Bolivia,2021,11832936
BRA,Brazil,2005,186127108
BRA,Brazil,2006,188167353
BRA,Brazil,2007,190130445
BRA,Brazil,2008,192030362
BRA,Brazil,2009,193886505
BRA,Brazil,2010,195713637
BRA,Brazil,2011,197514541
BRA,Brazil,2012,199287292
BRA,Brazil,2013,201035904
BRA,Brazil,2014,202763744
BRA,Brazil,2015,204471759
BRA,Brazil,2016,206163056
BRA,Brazil,2017,207833825
BRA,Brazil,2018,209469320
BRA,Brazil,2019,211049519
BRA,Brazil,2020,212559409
BRA,Brazil,2021,213993441
BRB,Barbados,2005,276320
BRB,Barbados,2006,277475
BRB,Barbados,2007,278701
BRB,Barbados,2008,279946
BRB,Barbados,2009,281107
BRB,Barbados,2010,282131
BRB,Barbados,2011,282987
BRB,Barbados,2012,283698
BRB,Barbados,2013,284294
BRB,Barbados,2014,284825
BRB,Barbados,2015,285327
BRB,Barbados,2016,285798
BRB,Barbados,2017,286229
BRB,Barbados,2018,286640
BRB,Barbados,2019,287021
BRB,Barbados,2020,287371
BRB,Barbados,2021,287708
BRN,Brunei Darussalam,2005,365112
BRN,Brunei Darussalam,2006,370262
BRN,Brunei Darussalam,2007,374967
BRN,Brunei Darussalam,2008,379418
BRN,Brunei Darussalam,2009,383902
BRN,Brunei Darussalam,2010,388634
BRN,Brunei Darussalam,2011,393687
BRN,Brunei Darussalam,2012,398997
BRN,Brunei Darussalam,2013,404414
BRN,Brunei Darussalam,2014,409778
BRN,Brunei Darussalam,2015,414914
BRN,Brunei Darussalam,2016,419791
BRN,Brunei Darussalam,2017,424481
BRN,Brunei Darussalam,2018,428960
BRN,Brunei Darussalam,2019,433296
BRN,Brunei Darussalam,2020,437483
BRN,Brunei Darussalam,2021,441532
BTN,Bhutan,2005,648744
BTN,Bhutan,2006,657404
BTN,Bhutan,2007,664873
BTN,Bhutan,2008,671611
BTN,Bhutan,2009,678329
BTN,Bhutan,2010,685502
BTN,Bhutan,2011,693297
BTN,Bhutan,2012,701582
BTN,Bhutan,2013,710235
BTN,Bhutan,2014,719053
BTN,Bhutan,2015,727885
BTN,Bhutan,2016,736706
BTN,Bhutan,2017,745563
BTN,Bhutan,2018,754396
BTN,Bhutan,2019,763094
BTN,Bhutan,2020,771612
BTN,Bhutan,2021,779900
BWA,Botswana,2005,1799077
BWA,Botswana,2006,1835911
BWA,Botswana,2007,1875458
BWA,Botswana,2008,1915636
BWA,Botswana,2009,1953495
BWA,Botswana,2010,1987106
BWA,Botswana,2011,2015406
BWA,Botswana,2012,2039551
BWA,Botswana,2013,2062551
BWA,Botswana,2014,2088619
BWA,Botswana,2015,2120716
BWA,Botswana,2016,2159925
BWA,Botswana,2017,2205076
BWA,Botswana,2018,2254067
BWA,Botswana,2019,2303703
BWA,Botswana,2020,2351625
BWA,Botswana,2021,2397240
CAF,Central African Republic,2005,4038380
CAF,Central African Republic,2006,4118075
CAF,Central African Republic,2007,4198004
CAF,Central African Republic,2008,4273368
CAF,Central African Republic,2009,4337623
CAF,Central African Republic,2010,4386765
CAF,Central African Republic,2011,4418639
CAF,Central African Republic,2012,4436411
CAF,Central African Republic,2013,4447945
CAF,Central African Republic,2014,4464171
CAF,Central African Republic,2015,4493171
CAF,Central African Republic,2016,4537683
CAF,Central African Republic,2017,4596023
CAF,Central African Republic,2018,4666375
CAF,Central African Republic,2019,4745179
CAF,Central African Republic,2020,4829764
CAF,Central African Republic,2021,4919987
CAN,Canada,2005,32243753
CAN,Canada,2006,32571174
CAN,Canada,2007,32889025
CAN,Canada,2008,33247118
CAN,Canada,2009,33628895
CAN,Canada,2010,34004889
CAN,Canada,2011,34339328
CAN,Canada,2012,34714222
CAN,Canada,2013,35082954
CAN,Canada,2014,35437435
CAN,Canada,2015,35702908
CAN,Canada,2016,36109487
CAN,Canada,2017,36545236
CAN,Canada,2018,37065084
CAN,Canada,2019,37601230
CAN,Canada,2020,38037204
CAN,Canada,2021,38246108
CHE,Switzerland,2005,7437115
CHE,Switzerland,2006,7483934
CHE,Switzerland,2007,7551117
CHE,Switzerland,2008,7647675
CHE,Switzerland,2009,7743831
CHE,Switzerland,2010,7824909
CHE,Switzerland,2011,7912398
CHE,Switzerland,2012,7996861
CHE,Switzerland,2013,8089346
CHE,Switzerland,2014,8188649
CHE,Switzerland,2015,8282396
CHE,Switzerland,2016,8373338
CHE,Switzerland,2017,8451840
CHE,Switzerland,2018,8514329
CHE,Switzerland,2019,8575280
CHE,Switzerland,2020,8636561
CHE,Switzerland,2021,8697723
CHL,Chile,2005,16182713
CHL,Chile,2006,16354507
CHL,Chile,2007,16530201
CHL,Chile,2008,16708255
CHL,Chile,2009,16886184
CHL,Chile,2010,17062531
CHL,Chile,2011,17233584
CHL,Chile,2012,17400359
CHL,Chile,2013,17571511
CHL,Chile,2014,17758969
CHL,Chile,2015,17969356
CHL,Chile,2016,18209072
CHL,Chile,2017,18470435
CHL,Chile,2018,18729166
CHL,Chile,2019,18952035
CHL,Chile,2020,19116209
CHL,Chile,2021,19212362
CHN,China,2005,1303720000
CHN,China,2006,1311020000
CHN,China,2007,1317885000
CHN,China,2008,1324655000
CHN,China,2009,1331260000
CHN,China,2010,1337705000
CHN,China,2011,1345035000
CHN,China,2012,1354190000
CHN,China,2013,1363240000
CHN,China,2014,1371860000
CHN,China,2015,1379860000
CHN,China,2016,1387790000
CHN,China,2017,1396215000
CHN,China,2018,1402760000
CHN,China,2019,1407745000
CHN,China,2020,1411100000
CHN,China,2021,1412360000
CIV,Cote d'Ivoire,2005,18354513
CIV,Cote d'Ivoire,2006,18754914
CIV,Cote d'Ivoire,2007,19171250
CIV,Cote d'Ivoire,2008,19605568
CIV,Cote d'Ivoire,2009,20059147
CIV,Cote d'Ivoire,2010,20532944
CIV,Cote d'Ivoire,2011,21028652
CIV,Cote d'Ivoire,2012,21547188
CIV,Cote d'Ivoire,2013,22087506
CIV,Cote d'Ivoire,2014,22647672
CIV,Cote d'Ivoire,2015,23226148
CIV,Cote d'Ivoire,2016,23822726
CIV,Cote d'Ivoire,2017,24437475
CIV,Cote d'Ivoire,2018,25069226
CIV,Cote d'Ivoire,2019,25716554
CIV,Cote d'Ivoire,2020,26378275
CIV,Cote d'Ivoire,2021,27053629
CMR,Cameroon,2005,17733408
CMR,Cameroon,2006,18223677
CMR,Cameroon,2007,18730283
CMR,Cameroon,2008,19252674
CMR,Cameroon,2009,19789922
CMR,Cameroon,2010,20341236
CMR,Cameroon,2011,20906392
CMR,Cameroon,2012,21485267
CMR,Cameroon,2013,22077300
CMR,Cameroon,2014,22681853
CMR,Cameroon,2015,23298376
CMR,Cameroon,2016,23926549
CMR,Cameroon,2017,24566070
CMR,Cameroon,2018,25216261
CMR,Cameroon,2019,25876387
CMR,Cameroon,2020,26545864
CMR,Cameroon,2021,27224262
COD,"Congo, Dem. Rep.",2005,54785894
COD,"Congo, Dem. Rep.",2006,56578046
COD,"Congo, Dem. Rep.",2007,58453687
COD,"Congo, Dem. Rep.",2008,60411195
COD,"Congo, Dem. Rep.",2009,62448572
COD,"Congo, Dem. Rep.",2010,64563853
COD,"Congo, Dem. Rep.",2011,66755151
COD,"Congo, Dem. Rep.",2012,69020749
COD,"Congo, Dem. Rep.",2013,71358804
COD,"Congo, Dem. Rep.",2014,73767445
COD,"Congo, Dem. Rep.",2015,76244532
COD,"Congo, Dem. Rep.",2016,78789130
COD,"Congo, Dem. Rep.",2017,81398765
COD,"Congo, Dem. Rep.",2018,84068092
COD,"Congo, Dem. Rep.",2019,86790568
COD,"Congo, Dem. Rep.",2020,89561404
COD,"Congo, Dem. Rep.",2021,92377986
COG,"Congo, Rep.",2005,3622775
COG,"Congo, Rep.",2006,3745143
COG,"Congo, Rep.",2007,3876123
COG,"Congo, Rep.",2008,4011487
COG,"Congo, Rep.",2009,4145400
COG,"Congo, Rep.",2010,4273738
COG,"Congo, Rep.",2011,4394842
COG,"Congo, Rep.",2012,4510197
COG,"Congo, Rep.",2013,4622757
COG,"Congo, Rep.",2014,4736965
COG,"Congo, Rep.",2015,4856093
COG,"Congo, Rep.",2016,4980996
COG,"Congo, Rep.",2017,5110701
COG,"Congo, Rep.",2018,5244363
COG,"Congo, Rep.",2019,5380504
COG,"Congo, Rep.",2020,5518092
COG,"Congo, Rep.",2021,5657017
COL,Colombia,2005,42647731
COL,Colombia,2006,43200901
COL,Colombia,2007,43737512
COL,Colombia,2008,44254972
COL,Colombia,2009,44750054
COL,Colombia,2010,45222699
COL,Colombia,2011,45662747
COL,Colombia,2012,46075721
COL,Colombia,2013,46495492
COL,Colombia,2014,46967706
COL,Colombia,2015,47520667
COL,Colombia,2016,48175048
COL,Colombia,2017,48909844
COL,Colombia,2018,49661056
COL,Colombia,2019,50339443
COL,Colombia,2020,50882884
COL,Colombia,2021,51265841
COM,Comoros,2005,611625
COM,Comoros,2006,626427
COM,Comoros,2007,641624
COM,Comoros,2008,657227
COM,Comoros,2009,673251
COM,Comoros,2010,689696
COM,Comoros,2011,706578
COM,Comoros,2012,723865
COM,Comoros,2013,741511
COM,Comoros,2014,759390
COM,Comoros,2015,777435
COM,Comoros,2016,795597
COM,Comoros,2017,813890
COM,Comoros,2018,832322
COM,Comoros,2019,850891
COM,Comoros,2020,869595
COM,Comoros,2021,888456
CPV,Cabo Verde,2005,463034
CPV,Cabo Verde,2006,469171
CPV,Cabo Verde,2007,475067
CPV,Cabo Verde,2008,480846
CPV,Cabo Verde,2009,486667
CPV,Cabo Verde,2010,492644
CPV,Cabo Verde,2011,498858
CPV,Cabo Verde,2012,505241
CPV,Cabo Verde,2013,511740
CPV,Cabo Verde,2014,518276
CPV,Cabo Verde,2015,524740
CPV,Cabo Verde,2016,531140
CPV,Cabo Verde,2017,537499
CPV,Cabo Verde,2018,543764
CPV,Cabo Verde,2019,549936
CPV,Cabo Verde,2020,555988
CPV,Cabo Verde,2021,561901
CRI,Costa Rica,2005,4285504
CRI,Costa Rica,2006,4345421
CRI,Costa Rica,2007,4404626
CRI,Costa Rica,2008,4463123
CRI,Costa Rica,2009,4520739
CRI,Costa Rica,2010,4577371
CRI,Costa Rica,2011,4633086
CRI,Costa Rica,2012,4688003
CRI,Costa Rica,2013,4742111
CRI,Costa Rica,2014,4795390
CRI,Costa Rica,2015,4847805
CRI,Costa Rica,2016,4899336
CRI,Costa Rica,2017,4949955
CRI,Costa Rica,2018,4999443
CRI,Costa Rica,2019,5047561
CRI,Costa Rica,2020,5094114
CRI,Costa Rica,2021,5139053
CUB,Cuba,2005,11261586
CUB,Cuba,2006,11261241
CUB,Cuba,2007,11251117
CUB,Cuba,2008,11236975
CUB,Cuba,2009,11226711
CUB,Cuba,2010,11225833
CUB,Cuba,2011,11236671
CUB,Cuba,2012,11257112
CUB,Cuba,2013,11282722
CUB,Cuba,2014,11306909
CUB,Cuba,2015,11324777
CUB,Cuba,2016,11335108
CUB,Cuba,2017,11339255
CUB,Cuba,2018,11338146
CUB,Cuba,2019,11333484
CUB,Cuba,2020,11326616
CUB,Cuba,2021,11317498
CYM,Cayman Islands,2005,49261
CYM,Cayman Islands,2006,50729
CYM,Cayman Islands,2007,52280
CYM,Cayman Islands,2008,53835
CYM,Cayman Islands,2009,55321
CYM,Cayman Islands,2010,56672
CYM,Cayman Islands,2011,57877
CYM,Cayman Islands,2012,58963
CYM,Cayman Islands,2013,59933
CYM,Cayman Islands,2014,60848
CYM,Cayman Islands,2015,61721
CYM,Cayman Islands,2016,62564
CYM,Cayman Islands,2017,63382
CYM,Cayman Islands,2018,64172
CYM,Cayman Islands,2019,64948
CYM,Cayman Islands,2020,65720
CYM,Cayman Islands,2021,66498
CYP,Cyprus,2005,1027657
CYP,Cyprus,2006,1045508
CYP,Cyprus,2007,1063708
CYP,Cyprus,2008,1081568
CYP,Cyprus,2009,1098089
CYP,Cyprus,2010,1112617
CYP,Cyprus,2011,1124837
CYP,Cyprus,2012,1135046
CYP,Cyprus,2013,1143866
CYP,Cyprus,2014,1152297
CYP,Cyprus,2015,1160987
CYP,Cyprus,2016,1170189
CYP,Cyprus,2017,1179685
CYP,Cyprus,2018,1189262
CYP,Cyprus,2019,1198574
CYP,Cyprus,2020,1207361
CYP,Cyprus,2021,1215588
CZE,Czech Republic,2005,10211216
CZE,Czech Republic,2006,10238905
CZE,Czech Republic,2007,10298828
CZE,Czech Republic,2008,10384603
CZE,Czech Republic,2009,10443936
CZE,Czech Republic,2010,10474410
CZE,Czech Republic,2011,10496088
CZE,Czech Republic,2012,10510785
CZE,Czech Republic,2013,10514272
CZE,Czech Republic,2014,10525347
CZE,Czech Republic,2015,10546059
CZE,Czech Republic,2016,10566332
CZE,Czech Republic,2017,10594438
CZE,Czech Republic,2018,10629928
CZE,Czech Republic,2019,10671870
CZE,Czech Republic,2020,10697858
CZE,Czech Republic,2021,10703446
DEU,Germany,2005,82469422
DEU,Germany,2006,82376451
DEU,Germany,2007,82266372
DEU,Germany,2008,82110097
DEU,Germany,2009,81902307
DEU,Germany,2010,81776930
DEU,Germany,2011,80274983
DEU,Germany,2012,80425823
DEU,Germany,2013,80645605
DEU,Germany,2014,80982500
DEU,Germany,2015,81686611
DEU,Germany,2016,82348669
DEU,Germany,2017,82657002
DEU,Germany,2018,82905782
DEU,Germany,2019,83092962
DEU,Germany,2020,83160871
DEU,Germany,2021,83129285
DJI,Djibouti,2005,783248
DJI,Djibouti,2006,794554
DJI,Djibouti,2007,805456
DJI,Djibouti,2008,816361
DJI,Djibouti,2009,827820
DJI,Djibouti,2010,840194
DJI,Djibouti,2011,853671
DJI,Djibouti,2012,868136
DJI,Djibouti,2013,883296
DJI,Djibouti,2014,898707
DJI,Djibouti,2015,913998
DJI,Djibouti,2016,929117
DJI,Djibouti,2017,944100
DJI,Djibouti,2018,958923
DJI,Djibouti,2019,973557
DJI,Djibouti,2020,988002
DJI,Djibouti,2021,1002197
DMA,Dominica,2005,70580
DMA,Dominica,2006,70718
DMA,Dominica,2007,70797
DMA,Dominica,2008,70829
DMA,Dominica,2009,70848
DMA,Dominica,2010,70877
DMA,Dominica,2011,70912
DMA,Dominica,2012,70954
DMA,Dominica,2013,71019
DMA,Dominica,2014,71091
DMA,Dominica,2015,71175
DMA,Dominica,2016,71307
DMA,Dominica,2017,71460
DMA,Dominica,2018,71626
DMA,Dominica,2019,71808
DMA,Dominica,2020,71991
DMA,Dominica,2021,72172
DNK,Denmark,2005,5419432
DNK,Denmark,2006,5437272
DNK,Denmark,2007,5461438
DNK,Denmark,2008,5493621
DNK,Denmark,2009,5523095
DNK,Denmark,2010,5547683
DNK,Denmark,2011,5570572
DNK,Denmark,2012,5591572
DNK,Denmark,2013,5614932
DNK,Denmark,2014,5643475
DNK,Denmark,2015,5683483
DNK,Denmark,2016,5728010
DNK,Denmark,2017,5764980
DNK,Denmark,2018,5793636
DNK,Denmark,2019,5814422
DNK,Denmark,2020,5831404
DNK,Denmark,2021,5856733
DOM,Dominican Republic,2005,9097262
DOM,Dominican Republic,2006,9218681
DOM,Dominican Republic,2007,9338856
DOM,Dominican Republic,2008,9458079
DOM,Dominican Republic,2009,9576736
DOM,Dominican Republic,2010,9695117
DOM,Dominican Republic,2011,9813219
DOM,Dominican Republic,2012,9930916
DOM,Dominican Republic,2013,10048226
DOM,Dominican Republic,2014,10165182
DOM,Dominican Republic,2015,10281675
DOM,Dominican Republic,2016,10397738
DOM,Dominican Republic,2017,10513111
DOM,Dominican Republic,2018,10627147
DOM,Dominican Republic,2019,10738957
DOM,Dominican Republic,2020,10847904
DOM,Dominican Republic,2021,10953714
DZA,Algeria,2005,33149720
DZA,Algeria,2006,33641007
DZA,Algeria,2007,34166976
DZA,Algeria,2008,34730604
DZA,Algeria,2009,35333882
DZA,Algeria,2010,35977451
DZA,Algeria,2011,36661438
DZA,Algeria,2012,37383899
DZA,Algeria,2013,38140135
DZA,Algeria,2014,38923688
DZA,Algeria,2015,39728020
DZA,Algeria,2016,40551398
DZA,Algeria,2017,41389174
DZA,Algeria,2018,42228415
DZA,Algeria,2019,43053054
DZA,Algeria,2020,43851043
DZA,Algeria,2021,44616626
ECU,Ecuador,2005,13825839
ECU,Ecuador,2006,14059379
ECU,Ecuador,2007,14296554
ECU,Ecuador,2008,14535740
ECU,Ecuador,2009,14774412
ECU,Ecuador,2010,15011114
ECU,Ecuador,2011,15243885
ECU,Ecuador,2012,15474099
ECU,Ecuador,2013,15707473
ECU,Ecuador,2014,15951832
ECU,Ecuador,2015,16212022
ECU,Ecuador,2016,16491116
ECU,Ecuador,2017,16785356
ECU,Ecuador,2018,17084359
ECU,Ecuador,2019,17373657
ECU,Ecuador,2020,17643060
ECU,Ecuador,2021,17888474
EGY,"Egypt, Arab Rep.",2005,75523576
EGY,"Egypt, Arab Rep.",2006,76873670
EGY,"Egypt, Arab Rep.",2007,78232124
EGY,"Egypt, Arab Rep.",2008,79636081
EGY,"Egypt, Arab Rep.",2009,81134789
EGY,"Egypt, Arab Rep.",2010,82761244
EGY,"Egypt, Arab Rep.",2011,84529251
EGY,"Egypt, Arab Rep.",2012,86422240
EGY,"Egypt, Arab Rep.",2013,88404652
EGY,"Egypt, Arab Rep.",2014,90424668
EGY,"Egypt, Arab Rep.",2015,92442549
EGY,"Egypt, Arab Rep.",2016,94447071
EGY,"Egypt, Arab Rep.",2017,96442590
EGY,"Egypt, Arab Rep.",2018,98423602
EGY,"Egypt, Arab Rep.",2019,100388076
EGY,"Egypt, Arab Rep.",2020,102334403
EGY,"Egypt, Arab Rep.",2021,104258327
ERI,Eritrea,2005,2826653
ERI,Eritrea,2006,2918209
ERI,Eritrea,2007,2996540
ERI,Eritrea,2008,3062782
ERI,Eritrea,2009,3119920
ERI,Eritrea,2010,3170437
ERI,Eritrea,2011,3213969
ESP,Spain,2005,43653155
ESP,Spain,2006,44397319
ESP,Spain,2007,45226803
ESP,Spain,2008,45954106
ESP,Spain,2009,46362946
ESP,Spain,2010,46576897
ESP,Spain,2011,46742697
ESP,Spain,2012,46773055
ESP,Spain,2013,46620045
ESP,Spain,2014,46480882
ESP,Spain,2015,46444832
ESP,Spain,2016,46484062
ESP,Spain,2017,46593236
ESP,Spain,2018,46797754
ESP,Spain,2019,47134837
ESP,Spain,2020,47363419
ESP,Spain,2021,47326687
EST,Estonia,2005,1354775
EST,Estonia,2006,1346810
EST,Estonia,2007,1340680
EST,Estonia,2008,1337090
EST,Estonia,2009,1334515
EST,Estonia,2010,1331475
EST,Estonia,2011,1327439
EST,Estonia,2012,1322696
EST,Estonia,2013,1317997
EST,Estonia,2014,1314545
EST,Estonia,2015,1315407
EST,Estonia,2016,1315790
EST,Estonia,2017,1317384
EST,Estonia,2018,1321977
EST,Estonia,2019,1326855
EST,Estonia,2020,1329479
EST,Estonia,2021,1329254
ETH,Ethiopia,2005,76346310
ETH,Ethiopia,2006,78489205
ETH,Ethiopia,2007,80674343
ETH,Ethiopia,2008,82916236
ETH,Ethiopia,2009,85233923
ETH,Ethiopia,2010,87639962
ETH,Ethiopia,2011,90139928
ETH,Ethiopia,2012,92726982
ETH,Ethiopia,2013,95385793
ETH,Ethiopia,2014,98094264
ETH,Ethiopia,2015,100835453
ETH,Ethiopia,2016,103603461
ETH,Ethiopia,2017,106399926
ETH,Ethiopia,2018,109224410
ETH,Ethiopia,2019,112078727
ETH,Ethiopia,2020,114963583
ETH,Ethiopia,2021,117876226
FIN,Finland,2005,5246096
FIN,Finland,2006,5266268
FIN,Finland,2007,5288720
FIN,Finland,2008,5313399
FIN,Finland,2009,5338871
FIN,Finland,2010,5363352
FIN,Finland,2011,5388272
FIN,Finland,2012,5413971
FIN,Finland,2013,5438972
FIN,Finland,2014,5461512
FIN,Finland,2015,5479531
FIN,Finland,2016,5495303
FIN,Finland,2017,5508214
FIN,Finland,2018,5515525
FIN,Finland,2019,5521606
FIN,Finland,2020,5529543
FIN,Finland,2021,5541696
FJI,Fiji,2005,821606
FJI,Fiji,2006,827869
FJI,Fiji,2007,836185
FJI,Fiji,2008,845356
FJI,Fiji,2009,853636
FJI,Fiji,2010,859816
FJI,Fiji,2011,863451
FJI,Fiji,2012,865065
FJI,Fiji,2013,865602
FJI,Fiji,2014,866447
FJI,Fiji,2015,868632
FJI,Fiji,2016,872406
FJI,Fiji,2017,877460
FJI,Fiji,2018,883490
FJI,Fiji,2019,889955
FJI,Fiji,2020,896444
FJI,Fiji,2021,902899
FRA,France,2005,63179356
FRA,France,2006,63621376
FRA,France,2007,64016227
FRA,France,2008,64374979
FRA,France,2009,64707035
FRA,France,2010,65027505
FRA,France,2011,65342789
FRA,France,2012,65659814
FRA,France,2013,65998685
FRA,France,2014,66312067
FRA,France,2015,66548272
FRA,France,2016,66724104
FRA,France,2017,66918020
FRA,France,2018,67101930
FRA,France,2019,67248926
FRA,France,2020,67379908
FRA,France,2021,67499343
FRO,Faroe Islands,2005,47731
FRO,Faroe Islands,2006,47793
FRO,Faroe Islands,2007,47825
FRO,Faroe Islands,2008,47822
FRO,Faroe Islands,2009,47814
FRO,Faroe Islands,2010,47803
FRO,Faroe Islands,2011,47815
FRO,Faroe Islands,2012,47843
FRO,Faroe Islands,2013,47901
FRO,Faroe Islands,2014,47965
FRO,Faroe Islands,2015,48055
FRO,Faroe Islands,2016,48173
FRO,Faroe Islands,2017,48326
FRO,Faroe Islands,2018,48497
FRO,Faroe Islands,2019,48677
FRO,Faroe Islands,2020,48865
FRO,Faroe Islands,2021,49053
FSM,"Micronesia, Fed. Sts.",2005,106135
FSM,"Micronesia, Fed. Sts.",2006,105374
FSM,"Micronesia, Fed. Sts.",2007,104442
FSM,"Micronesia, Fed. Sts.",2008,103549
FSM,"Micronesia, Fed. Sts.",2009,102971
FSM,"Micronesia, Fed. Sts.",2010,102916
FSM,"Micronesia, Fed. Sts.",2011,103448
FSM,"Micronesia, Fed. Sts.",2012,104506
FSM,"Micronesia, Fed. Sts.",2013,105922
FSM,"Micronesia, Fed. Sts.",2014,107444
FSM,"Micronesia, Fed. Sts.",2015,108886
FSM,"Micronesia, Fed. Sts.",2016,110215
FSM,"Micronesia, Fed. Sts.",2017,111461
FSM,"Micronesia, Fed. Sts.",2018,112640
FSM,"Micronesia, Fed. Sts.",2019,113811
FSM,"Micronesia, Fed. Sts.",2020,115021
FSM,"Micronesia, Fed. Sts.",2021,116255
GAB,Gabon,2005,1390550
GAB,Gabon,2006,1430144
GAB,Gabon,2007,1472565
GAB,Gabon,2008,1518538
GAB,Gabon,2009,1568925
GAB,Gabon,2010,1624146
GAB,Gabon,2011,1684629
GAB,Gabon,2012,1749677
GAB,Gabon,2013,1817070
GAB,Gabon,2014,1883801
GAB,Gabon,2015,1947690
GAB,Gabon,2016,2007882
GAB,Gabon,2017,2064812
GAB,Gabon,2018,2119275
GAB,Gabon,2019,2172578
GAB,Gabon,2020,2225728
GAB,Gabon,2021,2278829
GBR,United Kingdom,2005,60401206
GBR,United Kingdom,2006,60846820
GBR,United Kingdom,2007,61322463
GBR,United Kingdom,2008,61806995
GBR,United Kingdom,2009,62276270
GBR,United Kingdom,2010,62766365
GBR,United Kingdom,2011,63258810
GBR,United Kingdom,2012,63700215
GBR,United Kingdom,2013,64128273
GBR,United Kingdom,2014,64602298
GBR,United Kingdom,2015,65116219
GBR,United Kingdom,2016,65611593
GBR,United Kingdom,2017,66058859
GBR,United Kingdom,2018,66460344
GBR,United Kingdom,2019,66836327
GBR,United Kingdom,2020,67081000
GBR,United Kingdom,2021,67326569
GEO,Georgia,2005,3902469
GEO,Georgia,2006,3880347
GEO,Georgia,2007,3860158
GEO,Georgia,2008,3848449
GEO,Georgia,2009,3814419
GEO,Georgia,2010,3786695
GEO,Georgia,2011,3756441
GEO,Georgia,2012,3728874
GEO,Georgia,2013,3717668
GEO,Georgia,2014,3719414
GEO,Georgia,2015,3725276
GEO,Georgia,2016,3727505
GEO,Georgia,2017,3728004
GEO,Georgia,2018,3726549
GEO,Georgia,2019,3720161
GEO,Georgia,2020,3722716
GEO,Georgia,2021,3708610
GHA,Ghana,2005,21814648
GHA,Ghana,2006,22379057
GHA,Ghana,2007,22963946
GHA,Ghana,2008,23563832
GHA,Ghana,2009,24170943
GHA,Ghana,2010,24779614
GHA,Ghana,2011,25387713
GHA,Ghana,2012,25996454
GHA,Ghana,2013,26607641
GHA,Ghana,2014,27224480
GHA,Ghana,2015,27849203
GHA,Ghana,2016,28481947
GHA,Ghana,2017,29121464
GHA,Ghana,2018,29767108
GHA,Ghana,2019,30417858
GHA,Ghana,2020,31072945
GHA,Ghana,2021,31732128
GIB,Gibraltar,2005,33222
GIB,Gibraltar,2006,33420
GIB,Gibraltar,2007,33524
GIB,Gibraltar,2008,33570
GIB,Gibraltar,2009,33562
GIB,Gibraltar,2010,33585
GIB,Gibraltar,2011,33608
GIB,Gibraltar,2012,33653
GIB,Gibraltar,2013,33694
GIB,Gibraltar,2014,33726
GIB,Gibraltar,2015,33742
GIB,Gibraltar,2016,33738
GIB,Gibraltar,2017,33723
GIB,Gibraltar,2018,33715
GIB,Gibraltar,2019,33706
GIB,Gibraltar,2020,33691
GIB,Gibraltar,2021,33691
GIN,Guinea,2005,9109585
GIN,Guinea,2006,9307421
GIN,Guinea,2007,9518159
GIN,Guinea,2008,9738796
GIN,Guinea,2009,9964470
GIN,Guinea,2010,10192168
GIN,Guinea,2011,10420459
GIN,Guinea,2012,10652032
GIN,Guinea,2013,10892821
GIN,Guinea,2014,11150970
GIN,Guinea,2015,11432096
GIN,Guinea,2016,11738434
GIN,Guinea,2017,12067516
GIN,Guinea,2018,12414292
GIN,Guinea,2019,12771246
GIN,Guinea,2020,13132792
GIN,Guinea,2021,13497237
GMB,"Gambia, The",2005,1543745
GMB,"Gambia, The",2006,1591444
GMB,"Gambia, The",2007,1639846
GMB,"Gambia, The",2008,1689288
GMB,"Gambia, The",2009,1740277
GMB,"Gambia, The",2010,1793199
GMB,"Gambia, The",2011,1848142
GMB,"Gambia, The",2012,1905020
GMB,"Gambia, The",2013,1963708
GMB,"Gambia, The",2014,2024037
GMB,"Gambia, The",2015,2085860
GMB,"Gambia, The",2016,2149134
GMB,"Gambia, The",2017,2213900
GMB,"Gambia, The",2018,2280092
GMB,"Gambia, The",2019,2347696
GMB,"Gambia, The",2020,2416664
GMB,"Gambia, The",2021,2486937
GNB,Guinea-Bissau,2005,1344931
GNB,Guinea-Bissau,2006,1377582
GNB,Guinea-Bissau,2007,1411545
GNB,Guinea-Bissau,2008,1446936
GNB,Guinea-Bissau,2009,1483920
GNB,Guinea-Bissau,2010,1522603
GNB,Guinea-Bissau,2011,1562996
GNB,Guinea-Bissau,2012,1604981
GNB,Guinea-Bissau,2013,1648259
GNB,Guinea-Bissau,2014,1692433
GNB,Guinea-Bissau,2015,1737207
GNB,Guinea-Bissau,2016,1782434
GNB,Guinea-Bissau,2017,1828146
GNB,Guinea-Bissau,2018,1874304
GNB,Guinea-Bissau,2019,1920917
GNB,Guinea-Bissau,2020,1967998
GNB,Guinea-Bissau,2021,2015490
GNQ,Equatorial Guinea,2005,749527
GNQ,Equatorial Guinea,2006,784494
GNQ,Equatorial Guinea,2007,821686
GNQ,Equatorial Guinea,2008,860839
GNQ,Equatorial Guinea,2009,901589
GNQ,Equatorial Guinea,2010,943640
GNQ,Equatorial Guinea,2011,986861
GNQ,Equatorial Guinea,2012,1031191
GNQ,Equatorial Guinea,2013,1076412
GNQ,Equatorial Guinea,2014,1122273
GNQ,Equatorial Guinea,2015,1168575
GNQ,Equatorial Guinea,2016,1215181
GNQ,Equatorial Guinea,2017,1262008
GNQ,Equatorial Guinea,2018,1308966
GNQ,Equatorial Guinea,2019,1355982
GNQ,Equatorial Guinea,2020,1402985
GNQ,Equatorial Guinea,2021,1449891
GRC,Greece,2005,10987314
GRC,Greece,2006,11020362
GRC,Greece,2007,11048473
GRC,Greece,2008,11077841
GRC,Greece,2009,11107017
GRC,Greece,2010,11121341
GRC,Greece,2011,11104899
GRC,Greece,2012,11045011
GRC,Greece,2013,10965211
GRC,Greece,2014,10892413
GRC,Greece,2015,10820883
GRC,Greece,2016,10775971
GRC,Greece,2017,10754679
GRC,Greece,2018,10732882
GRC,Greece,2019,10721582
GRC,Greece,2020,10700556
GRC,Greece,2021,10664568
GRD,Grenada,2005,104658
GRD,Grenada,2006,104938
GRD,Grenada,2007,105183
GRD,Grenada,2008,105457
GRD,Grenada,2009,105787
GRD,Grenada,2010,106227
GRD,Grenada,2011,106786
GRD,Grenada,2012,107452
GRD,Grenada,2013,108172
GRD,Grenada,2014,108900
GRD,Grenada,2015,109603
GRD,Grenada,2016,110263
GRD,Grenada,2017,110874
GRD,Grenada,2018,111449
GRD,Grenada,2019,112002
GRD,Grenada,2020,112519
GRD,Grenada,2021,113015
GRL,Greenland,2005,56935
GRL,Greenland,2006,56774
GRL,Greenland,2007,56555
GRL,Greenland,2008,56328
GRL,Greenland,2009,56323
GRL,Greenland,2010,56905
GRL,Greenland,2011,56890
GRL,Greenland,2012,56810
GRL,Greenland,2013,56483
GRL,Greenland,2014,56295
GRL,Greenland,2015,56114
GRL,Greenland,2016,56186
GRL,Greenland,2017,56171
GRL,Greenland,2018,56023
GRL,Greenland,2019,56225
GRL,Greenland,2020,56367
GRL,Greenland,2021,56653
GTM,Guatemala,2005,12948292
GTM,Guatemala,2006,13213330
GTM,Guatemala,2007,13477017
GTM,Guatemala,2008,13739299
GTM,Guatemala,2009,14000190
GTM,Guatemala,2010,14259687
GTM,Guatemala,2011,14521515
GTM,Guatemala,2012,14781942
GTM,Guatemala,2013,15043981
GTM,Guatemala,2014,15306316
GTM,Guatemala,2015,15567419
GTM,Guatemala,2016,15827690
GTM,Guatemala,2017,16087418
GTM,Guatemala,2018,16346950
GTM,Guatemala,2019,16604026
GTM,Guatemala,2020,16858333
GTM,Guatemala,2021,17109746
GUM,Guam,2005,158406
GUM,Guam,2006,158649
GUM,Guam,2007,158848
GUM,Guam,2008,159037
GUM,Guam,2009,159232
GUM,Guam,2010,159439
GUM,Guam,2011,159690
GUM,Guam,2012,159990
GUM,Guam,2013,160415
GUM,Guam,2014,161007
GUM,Guam,2015,161851
GUM,Guam,2016,162948
GUM,Guam,2017,164281
GUM,Guam,2018,165770
GUM,Guam,2019,167295
GUM,Guam,2020,168783
GUM,Guam,2021,170184
GUY,Guyana,2005,746156
GUY,Guyana,2006,746335
GUY,Guyana,2007,746477
GUY,Guyana,2008,746815
GUY,Guyana,2009,747718
GUY,Guyana,2010,749430
GUY,Guyana,2011,752029
GUY,Guyana,2012,755388
GUY,Guyana,2013,759281
GUY,Guyana,2014,763371
GUY,Guyana,2015,767433
GUY,Guyana,2016,771363
GUY,Guyana,2017,775218
GUY,Guyana,2018,779007
GUY,Guyana,2019,782775
GUY,Guyana,2020,786559
GUY,Guyana,2021,790329
HKG,"Hong Kong SAR, China",2005,6813200
HKG,"Hong Kong SAR, China",2006,6857100
HKG,"Hong Kong SAR, China",2007,6916300
HKG,"Hong Kong SAR, China",2008,6957800
HKG,"Hong Kong SAR, China",2009,6972800
HKG,"Hong Kong SAR, China",2010,7024200
HKG,"Hong Kong SAR, China",2011,7071600
HKG,"Hong Kong SAR, China",2012,7150100
HKG,"Hong Kong SAR, China",2013,7178900
HKG,"Hong Kong SAR, China",2014,7229500
HKG,"Hong Kong SAR, China",2015,7291300
HKG,"Hong Kong SAR, China",2016,7336600
HKG,"Hong Kong SAR, China",2017,7393200
HKG,"Hong Kong SAR, China",2018,7452600
HKG,"Hong Kong SAR, China",2019,7507900
HKG,"Hong Kong SAR, China",2020,7481000
HKG,"Hong Kong SAR, China",2021,7413100
HND,Honduras,2005,7458982
HND,Honduras,2006,7634295
HND,Honduras,2007,7808520
HND,Honduras,2008,7980955
HND,Honduras,2009,8150780
HND,Honduras,2010,8317467
HND,Honduras,2011,8480670
HND,Honduras,2012,8640692
HND,Honduras,2013,8798524
HND,Honduras,2014,8955579
HND,Honduras,2015,9112904
HND,Honduras,2016,9270794
HND,Honduras,2017,9429016
HND,Honduras,2018,9587523
HND,Honduras,2019,9746115
HND,Honduras,2020,9904608
HND,Honduras,2021,10062994
HRV,Croatia,2005,4310145
HRV,Croatia,2006,4311159
HRV,Croatia,2007,4310217
HRV,Croatia,2008,4309705
HRV,Croatia,2009,4305181
HRV,Croatia,2010,4295427
HRV,Croatia,2011,4280622
HRV,Croatia,2012,4267558
HRV,Croatia,2013,4255689
HRV,Croatia,2014,4238389
HRV,Croatia,2015,4203604
HRV,Croatia,2016,4174349
HRV,Croatia,2017,4124531
HRV,Croatia,2018,4087843
HRV,Croatia,2019,4065253
HRV,Croatia,2020,4047680
HRV,Croatia,2021,3899000
HTI,Haiti,2005,9195289
HTI,Haiti,2006,9344784
HTI,Haiti,2007,9495336
HTI,Haiti,2008,9646570
HTI,Haiti,2009,9798046
HTI,Haiti,2010,9949318
HTI,Haiti,2011,10100320
HTI,Haiti,2012,10250922
HTI,Haiti,2013,10400672
HTI,Haiti,2014,10549007
HTI,Haiti,2015,10695540
HTI,Haiti,2016,10839976
HTI,Haiti,2017,10982367
HTI,Haiti,2018,11123183
HTI,Haiti,2019,11263079
HTI,Haiti,2020,11402533
HTI,Haiti,2021,11541683
HUN,Hungary,2005,10087065
HUN,Hungary,2006,10071370
HUN,Hungary,2007,10055780
HUN,Hungary,2008,10038188
HUN,Hungary,2009,10022650
HUN,Hungary,2010,10000023
HUN,Hungary,2011,9971727
HUN,Hungary,2012,9920362
HUN,Hungary,2013,9893082
HUN,Hungary,2014,9866468
HUN,Hungary,2015,9843028
HUN,Hungary,2016,9814023
HUN,Hungary,2017,9787966
HUN,Hungary,2018,9775564
HUN,Hungary,2019,9771141
HUN,Hungary,2020,9750149
HUN,Hungary,2021,9709886
IDN,Indonesia,2005,226289468
IDN,Indonesia,2006,229318262
IDN,Indonesia,2007,232374239
IDN,Indonesia,2008,235469755
IDN,Indonesia,2009,238620554
IDN,Indonesia,2010,241834226
IDN,Indonesia,2011,245115988
IDN,Indonesia,2012,248451714
IDN,Indonesia,2013,251805314
IDN,Indonesia,2014,255128076
IDN,Indonesia,2015,258383257
IDN,Indonesia,2016,261556386
IDN,Indonesia,2017,264650969
IDN,Indonesia,2018,267670549
IDN,Indonesia,2019,270625567
IDN,Indonesia,2020,273523621
IDN,Indonesia,2021,276361788
IMN,Isle of Man,2005,80293
IMN,Isle of Man,2006,81283
IMN,Isle of Man,2007,82406
IMN,Isle of Man,2008,83515
IMN,Isle of Man,2009,84379
IMN,Isle of Man,2010,84856
IMN,Isle of Man,2011,84889
IMN,Isle of Man,2012,84534
IMN,Isle of Man,2013,83985
IMN,Isle of Man,2014,83488
IMN,Isle of Man,2015,83232
IMN,Isle of Man,2016,83296
IMN,Isle of Man,2017,83610
IMN,Isle of Man,2018,84073
IMN,Isle of Man,2019,84589
IMN,Isle of Man,2020,85032
IMN,Isle of Man,2021,85410
IND,India,2005,1147609924
IND,India,2006,1165486291
IND,India,2007,1183209471
IND,India,2008,1200669762
IND,India,2009,1217726217
IND,India,2010,1234281163
IND,India,2011,1250287939
IND,India,2012,1265780243
IND,India,2013,1280842119
IND,India,2014,1295600768
IND,India,2015,1310152392
IND,India,2016,1324517250
IND,India,2017,1338676779
IND,India,2018,1352642283
IND,India,2019,1366417756
IND,India,2020,1380004385
IND,India,2021,1393409033
IRL,Ireland,2005,4159914
IRL,Ireland,2006,4273591
IRL,Ireland,2007,4398942
IRL,Ireland,2008,4489544
IRL,Ireland,2009,4535375
IRL,Ireland,2010,4560155
IRL,Ireland,2011,4580084
IRL,Ireland,2012,4599533
IRL,Ireland,2013,4623816
IRL,Ireland,2014,4657740
IRL,Ireland,2015,4701957
IRL,Ireland,2016,4755335
IRL,Ireland,2017,4807388
IRL,Ireland,2018,4867316
IRL,Ireland,2019,4934340
IRL,Ireland,2020,4985674
IRL,Ireland,2021,5028230
IRN,"Iran, Islamic Rep.",2005,69762345
IRN,"Iran, Islamic Rep.",2006,70554756
IRN,"Iran, Islamic Rep.",2007,71336476
IRN,"Iran, Islamic Rep.",2008,72120608
IRN,"Iran, Islamic Rep.",2009,72924833
IRN,"Iran, Islamic Rep.",2010,73762519
IRN,"Iran, Islamic Rep.",2011,74634959
IRN,"Iran, Islamic Rep.",2012,75539881
IRN,"Iran, Islamic Rep.",2013,76481963
IRN,"Iran, Islamic Rep.",2014,77465769
IRN,"Iran, Islamic Rep.",2015,78492208
IRN,"Iran, Islamic Rep.",2016,79563991
IRN,"Iran, Islamic Rep.",2017,80673888
IRN,"Iran, Islamic Rep.",2018,81800204
IRN,"Iran, Islamic Rep.",2019,82913893
IRN,"Iran, Islamic Rep.",2020,83992953
IRN,"Iran, Islamic Rep.",2021,85028760
IRQ,Iraq,2005,26922279
IRQ,Iraq,2006,27448124
IRQ,Iraq,2007,27911242
IRQ,Iraq,2008,28385739
IRQ,Iraq,2009,28973157
IRQ,Iraq,2010,29741977
IRQ,Iraq,2011,30725305
IRQ,Iraq,2012,31890012
IRQ,Iraq,2013,33157061
IRQ,Iraq,2014,34411949
IRQ,Iraq,2015,35572269
IRQ,Iraq,2016,36610632
IRQ,Iraq,2017,37552789
IRQ,Iraq,2018,38433604
IRQ,Iraq,2019,39309789
IRQ,Iraq,2020,40222503
IRQ,Iraq,2021,41179351
ISL,Iceland,2005,296734
ISL,Iceland,2006,303782
ISL,Iceland,2007,311566
ISL,Iceland,2008,317414
ISL,Iceland,2009,318499
ISL,Iceland,2010,318041
ISL,Iceland,2011,319014
ISL,Iceland,2012,320716
ISL,Iceland,2013,323764
ISL,Iceland,2014,327386
ISL,Iceland,2015,330815
ISL,Iceland,2016,335439
ISL,Iceland,2017,343400
ISL,Iceland,2018,352721
ISL,Iceland,2019,360563
ISL,Iceland,2020,366463
ISL,Iceland,2021,372295
ISR,Israel,2005,6930100
ISR,Israel,2006,7053700
ISR,Israel,2007,7180100
ISR,Israel,2008,7308800
ISR,Israel,2009,7485600
ISR,Israel,2010,7623600
ISR,Israel,2011,7765800
ISR,Israel,2012,7910500
ISR,Israel,2013,8059500
ISR,Israel,2014,8215700
ISR,Israel,2015,8380100
ISR,Israel,2016,8546000
ISR,Israel,2017,8713300
ISR,Israel,2018,8882800
ISR,Israel,2019,9054000
ISR,Israel,2020,9215100
ISR,Israel,2021,9364000
ITA,Italy,2005,57969484
ITA,Italy,2006,58143979
ITA,Italy,2007,58438310
ITA,Italy,2008,58826731
ITA,Italy,2009,59095365
ITA,Italy,2010,59277417
ITA,Italy,2011,59379449
ITA,Italy,2012,59539717
ITA,Italy,2013,60233948
ITA,Italy,2014,60789140
ITA,Italy,2015,60730582
ITA,Italy,2016,60627498
ITA,Italy,2017,60536709
ITA,Italy,2018,60421760
ITA,Italy,2019,59729081
ITA,Italy,2020,59449527
ITA,Italy,2021,59066225
JAM,Jamaica,2005,2740000
JAM,Jamaica,2006,2754414
JAM,Jamaica,2007,2768229
JAM,Jamaica,2008,2781869
JAM,Jamaica,2009,2795839
JAM,Jamaica,2010,2810464
JAM,Jamaica,2011,2825932
JAM,Jamaica,2012,2842128
JAM,Jamaica,2013,2858710
JAM,Jamaica,2014,2875137
JAM,Jamaica,2015,2891024
JAM,Jamaica,2016,2906242
JAM,Jamaica,2017,2920848
JAM,Jamaica,2018,2934853
JAM,Jamaica,2019,2948277
JAM,Jamaica,2020,2961161
JAM,Jamaica,2021,2973462
JOR,Jordan,2005,5765639
JOR,Jordan,2006,5991547
JOR,Jordan,2007,6255290
JOR,Jordan,2008,6556473
JOR,Jordan,2009,6893258
JOR,Jordan,2010,7261541
JOR,Jordan,2011,7662858
JOR,Jordan,2012,8089963
JOR,Jordan,2013,8518992
JOR,Jordan,2014,8918822
JOR,Jordan,2015,9266573
JOR,Jordan,2016,9554286
JOR,Jordan,2017,9785840
JOR,Jordan,2018,9965322
JOR,Jordan,2019,10101697
JOR,Jordan,2020,10203140
JOR,Jordan,2021,10269022
JPN,Japan,2005,127773000
JPN,Japan,2006,127854000
JPN,Japan,2007,128001000
JPN,Japan,2008,128063000
JPN,Japan,2009,128047000
JPN,Japan,2010,128070000
JPN,Japan,2011,127833000
JPN,Japan,2012,127629000
JPN,Japan,2013,127445000
JPN,Japan,2014,127276000
JPN,Japan,2015,127141000
JPN,Japan,2016,127076000
JPN,Japan,2017,126972000
JPN,Japan,2018,126811000
JPN,Japan,2019,126633000
JPN,Japan,2020,126261000
JPN,Japan,2021,125681593
KAZ,Kazakhstan,2005,15147029
KAZ,Kazakhstan,2006,15308085
KAZ,Kazakhstan,2007,15484192
KAZ,Kazakhstan,2008,15776938
KAZ,Kazakhstan,2009,16092822
KAZ,Kazakhstan,2010,16321872
KAZ,Kazakhstan,2011,16557202
KAZ,Kazakhstan,2012,16792090
KAZ,Kazakhstan,2013,17035551
KAZ,Kazakhstan,2014,17288285
KAZ,Kazakhstan,2015,17542806
KAZ,Kazakhstan,2016,17794055
KAZ,Kazakhstan,2017,18037776
KAZ,Kazakhstan,2018,18276452
KAZ,Kazakhstan,2019,18513673
KAZ,Kazakhstan,2020,18755666
KAZ,Kazakhstan,2021,19002586
KEN,Kenya,2005,36624897
KEN,Kenya,2006,37649039
KEN,Kenya,2007,38705934
KEN,Kenya,2008,39791984
KEN,Kenya,2009,40901798
KEN,Kenya,2010,42030684
KEN,Kenya,2011,43178270
KEN,Kenya,2012,44343469
KEN,Kenya,2013,45519986
KEN,Kenya,2014,46700063
KEN,Kenya,2015,47878339
KEN,Kenya,2016,49051531
KEN,Kenya,2017,50221146
KEN,Kenya,2018,51392570
KEN,Kenya,2019,52573967
KEN,Kenya,2020,53771300
KEN,Kenya,2021,54985702
KGZ,Kyrgyz Republic,2005,5162600
KGZ,Kyrgyz Republic,2006,5218400
KGZ,Kyrgyz Republic,2007,5268400
KGZ,Kyrgyz Republic,2008,5318700
KGZ,Kyrgyz Republic,2009,5383300
KGZ,Kyrgyz Republic,2010,5447900
KGZ,Kyrgyz Republic,2011,5514600
KGZ,Kyrgyz Republic,2012,5607200
KGZ,Kyrgyz Republic,2013,5719600
KGZ,Kyrgyz Republic,2014,5835500
KGZ,Kyrgyz Republic,2015,5956900
KGZ,Kyrgyz Republic,2016,6079500
KGZ,Kyrgyz Republic,2017,6198200
KGZ,Kyrgyz Republic,2018,6322800
KGZ,Kyrgyz Republic,2019,6456200
KGZ,Kyrgyz Republic,2020,6579900
KGZ,Kyrgyz Republic,2021,6694200
KHM,Cambodia,2005,13273355
KHM,Cambodia,2006,13477705
KHM,Cambodia,2007,13679953
KHM,Cambodia,2008,13883835
KHM,Cambodia,2009,14093605
KHM,Cambodia,2010,14312205
KHM,Cambodia,2011,14541421
KHM,Cambodia,2012,14780454
KHM,Cambodia,2013,15026330
KHM,Cambodia,2014,15274506
KHM,Cambodia,2015,15521435
KHM,Cambodia,2016,15766290
KHM,Cambodia,2017,16009413
KHM,Cambodia,2018,16249795
KHM,Cambodia,2019,16486542
KHM,Cambodia,2020,16718971
KHM,Cambodia,2021,16946446
KIR,Kiribati,2005,92319
KIR,Kiribati,2006,94341
KIR,Kiribati,2007,96531
KIR,Kiribati,2008,98760
KIR,Kiribati,2009,100928
KIR,Kiribati,2010,102930
KIR,Kiribati,2011,104735
KIR,Kiribati,2012,106359
KIR,Kiribati,2013,107887
KIR,Kiribati,2014,109387
KIR,Kiribati,2015,110927
KIR,Kiribati,2016,112529
KIR,Kiribati,2017,114153
KIR,Kiribati,2018,115842
KIR,Kiribati,2019,117608
KIR,Kiribati,2020,119446
KIR,Kiribati,2021,121388
KNA,St. Kitts and Nevis,2005,46852
KNA,St. Kitts and Nevis,2006,47333
KNA,St. Kitts and Nevis,2007,47769
KNA,St. Kitts and Nevis,2008,48178
KNA,St. Kitts and Nevis,2009,48599
KNA,St. Kitts and Nevis,2010,49011
KNA,St. Kitts and Nevis,2011,49442
KNA,St. Kitts and Nevis,2012,49881
KNA,St. Kitts and Nevis,2013,50328
KNA,St. Kitts and Nevis,2014,50776
KNA,St. Kitts and Nevis,2015,51204
KNA,St. Kitts and Nevis,2016,51629
KNA,St. Kitts and Nevis,2017,52036
KNA,St. Kitts and Nevis,2018,52438
KNA,St. Kitts and Nevis,2019,52834
KNA,St. Kitts and Nevis,2020,53192
KNA,St. Kitts and Nevis,2021,53546
KOR,"Korea, Rep.",2005,48184561
KOR,"Korea, Rep.",2006,48438292
KOR,"Korea, Rep.",2007,48683638
KOR,"Korea, Rep.",2008,49054708
KOR,"Korea, Rep.",2009,49307835
KOR,"Korea, Rep.",2010,49554112
KOR,"Korea, Rep.",2011,49936638
KOR,"Korea, Rep.",2012,50199853
KOR,"Korea, Rep.",2013,50428893
KOR,"Korea, Rep.",2014,50746659
KOR,"Korea, Rep.",2015,51014947
KOR,"Korea, Rep.",2016,51217803
KOR,"Korea, Rep.",2017,51361911
KOR,"Korea, Rep.",2018,51585058
KOR,"Korea, Rep.",2019,51764822
KOR,"Korea, Rep.",2020,51836239
KOR,"Korea, Rep.",2021,51744876
KWT,Kuwait,2005,2270196
KWT,Kuwait,2006,2373661
KWT,Kuwait,2007,2504026
KWT,Kuwait,2008,2656010
KWT,Kuwait,2009,2821041
KWT,Kuwait,2010,2991884
KWT,Kuwait,2011,3168054
KWT,Kuwait,2012,3348852
KWT,Kuwait,2013,3526382
KWT,Kuwait,2014,3690939
KWT,Kuwait,2015,3835588
KWT,Kuwait,2016,3956862
KWT,Kuwait,2017,4056102
KWT,Kuwait,2018,4137314
KWT,Kuwait,2019,4207077
KWT,Kuwait,2020,4270563
KWT,Kuwait,2021,4328553
LAO,Lao PDR,2005,5751675
LAO,Lao PDR,2006,5846075
LAO,Lao PDR,2007,5944950
LAO,Lao PDR,2008,6046630
LAO,Lao PDR,2009,6148621
LAO,Lao PDR,2010,6249168
LAO,Lao PDR,2011,6347564
LAO,Lao PDR,2012,6444527
LAO,Lao PDR,2013,6541302
LAO,Lao PDR,2014,6639763
LAO,Lao PDR,2015,6741160
LAO,Lao PDR,2016,6845848
LAO,Lao PDR,2017,6953031
LAO,Lao PDR,2018,7061498
LAO,Lao PDR,2019,7169456
LAO,Lao PDR,2020,7275556
LAO,Lao PDR,2021,7379358
LBN,Lebanon,2005,4698761
LBN,Lebanon,2006,4759760
LBN,Lebanon,2007,4767347
LBN,Lebanon,2008,4764745
LBN,Lebanon,2009,4813026
LBN,Lebanon,2010,4953064
LBN,Lebanon,2011,5202022
LBN,Lebanon,2012,5537620
LBN,Lebanon,2013,5913016
LBN,Lebanon,2014,6261046
LBN,Lebanon,2015,6532681
LBN,Lebanon,2016,6714281
LBN,Lebanon,2017,6819373
LBN,Lebanon,2018,6859408
LBN,Lebanon,2019,6855709
LBN,Lebanon,2020,6825442
LBN,Lebanon,2021,6769151
LBR,Liberia,2005,3218114
LBR,Liberia,2006,3329211
LBR,Liberia,2007,3461911
LBR,Liberia,2008,3607863
LBR,Liberia,2009,3754129
LBR,Liberia,2010,3891357
LBR,Liberia,2011,4017446
LBR,Liberia,2012,4135662
LBR,Liberia,2013,4248337
LBR,Liberia,2014,4359508
LBR,Liberia,2015,4472229
LBR,Liberia,2016,4586788
LBR,Liberia,2017,4702224
LBR,Liberia,2018,4818976
LBR,Liberia,2019,4937374
LBR,Liberia,2020,5057677
LBR,Liberia,2021,5180208
LBY,Libya,2005,5798615
LBY,Libya,2006,5886874
LBY,Libya,2007,5974786
LBY,Libya,2008,6058740
LBY,Libya,2009,6133987
LBY,Libya,2010,6197667
LBY,Libya,2011,6247438
LBY,Libya,2012,6285751
LBY,Libya,2013,6320350
LBY,Libya,2014,6362039
LBY,Libya,2015,6418315
LBY,Libya,2016,6492160
LBY,Libya,2017,6580723
LBY,Libya,2018,6678565
LBY,Libya,2019,6777453
LBY,Libya,2020,6871287
LBY,Libya,2021,6958538
LCA,St. Lucia,2005,163408
LCA,St. Lucia,2006,165378
LCA,St. Lucia,2007,167644
LCA,St. Lucia,2008,170011
LCA,St. Lucia,2009,172223
LCA,St. Lucia,2010,174092
LCA,St. Lucia,2011,175538
LCA,St. Lucia,2012,176654
LCA,St. Lucia,2013,177505
LCA,St. Lucia,2014,178307
LCA,St. Lucia,2015,179131
LCA,St. Lucia,2016,180028
LCA,St. Lucia,2017,180955
LCA,St. Lucia,2018,181890
LCA,St. Lucia,2019,182795
LCA,St. Lucia,2020,183629
LCA,St. Lucia,2021,184401
LIE,Liechtenstein,2005,34718
LIE,Liechtenstein,2006,34975
LIE,Liechtenstein,2007,35217
LIE,Liechtenstein,2008,35469
LIE,Liechtenstein,2009,35723
LIE,Liechtenstein,2010,35996
LIE,Liechtenstein,2011,36299
LIE,Liechtenstein,2012,36615
LIE,Liechtenstein,2013,36940
LIE,Liechtenstein,2014,37219
LIE,Liechtenstein,2015,37465
LIE,Liechtenstein,2016,37655
LIE,Liechtenstein,2017,37805
LIE,Liechtenstein,2018,37918
LIE,Liechtenstein,2019,38020
LIE,Liechtenstein,2020,38137
LIE,Liechtenstein,2021,38254
LKA,Sri Lanka,2005,19544988
LKA,Sri Lanka,2006,19695977
LKA,Sri Lanka,2007,19842044
LKA,Sri Lanka,2008,19983984
LKA,Sri Lanka,2009,20123508
LKA,Sri Lanka,2010,20261738
LKA,Sri Lanka,2011,20398496
LKA,Sri Lanka,2012,20425000
LKA,Sri Lanka,2013,20585000
LKA,Sri Lanka,2014,20778000
LKA,Sri Lanka,2015,20970000
LKA,Sri Lanka,2016,21203000
LKA,Sri Lanka,2017,21444000
LKA,Sri Lanka,2018,21670000
LKA,Sri Lanka,2019,21803000
LKA,Sri Lanka,2020,21919000
LKA,Sri Lanka,2021,22156000
LSO,Lesotho,2005,1996115
LSO,Lesotho,2006,1989933
LSO,Lesotho,2007,1986926
LSO,Lesotho,2008,1987130
LSO,Lesotho,2009,1990135
LSO,Lesotho,2010,1995575
LSO,Lesotho,2011,2003793
LSO,Lesotho,2012,2014988
LSO,Lesotho,2013,2028528
LSO,Lesotho,2014,2043448
LSO,Lesotho,2015,2059011
LSO,Lesotho,2016,2075041
LSO,Lesotho,2017,2091532
LSO,Lesotho,2018,2108327
LSO,Lesotho,2019,2125267
LSO,Lesotho,2020,2142252
LSO,Lesotho,2021,2159067
LTU,Lithuania,2005,3322528
LTU,Lithuania,2006,3269909
LTU,Lithuania,2007,3231294
LTU,Lithuania,2008,3198231
LTU,Lithuania,2009,3162916
LTU,Lithuania,2010,3097282
LTU,Lithuania,2011,3028115
LTU,Lithuania,2012,2987773
LTU,Lithuania,2013,2957689
LTU,Lithuania,2014,2932367
LTU,Lithuania,2015,2904910
LTU,Lithuania,2016,2868231
LTU,Lithuania,2017,2828403
LTU,Lithuania,2018,2801543
LTU,Lithuania,2019,2794137
LTU,Lithuania,2020,2794885
LTU,Lithuania,2021,2795321
LUX,Luxembourg,2005,465158
LUX,Luxembourg,2006,472637
LUX,Luxembourg,2007,479993
LUX,Luxembourg,2008,488650
LUX,Luxembourg,2009,497783
LUX,Luxembourg,2010,506953
LUX,Luxembourg,2011,518347
LUX,Luxembourg,2012,530946
LUX,Luxembourg,2013,543360
LUX,Luxembourg,2014,556319
LUX,Luxembourg,2015,569604
LUX,Luxembourg,2016,582014
LUX,Luxembourg,2017,596336
LUX,Luxembourg,2018,607950
LUX,Luxembourg,2019,620001
LUX,Luxembourg,2020,630419
LUX,Luxembourg,2021,639070
LVA,Latvia,2005,2238799
LVA,Latvia,2006,2218357
LVA,Latvia,2007,2200325
LVA,Latvia,2008,2177322
LVA,Latvia,2009,2141669
LVA,Latvia,2010,2097555
LVA,Latvia,2011,2059709
LVA,Latvia,2012,2034319
LVA,Latvia,2013,2012647
LVA,Latvia,2014,1993782
LVA,Latvia,2015,1977527
LVA,Latvia,2016,1959537
LVA,Latvia,2017,1942248
LVA,Latvia,2018,1927174
LVA,Latvia,2019,1913822
LVA,Latvia,2020,1900449
LVA,Latvia,2021,1883162
MAC,"Macao SAR, China",2005,482863
MAC,"Macao SAR, China",2006,493804
MAC,"Macao SAR, China",2007,504504
MAC,"Macao SAR, China",2008,515232
MAC,"Macao SAR, China",2009,526401
MAC,"Macao SAR, China",2010,538215
MAC,"Macao SAR, China",2011,550833
MAC,"Macao SAR, China",2012,564037
MAC,"Macao SAR, China",2013,577368
MAC,"Macao SAR, China",2014,590210
MAC,"Macao SAR, China",2015,602093
MAC,"Macao SAR, China",2016,612824
MAC,"Macao SAR, China",2017,622578
MAC,"Macao SAR, China",2018,631633
MAC,"Macao SAR, China",2019,640446
MAC,"Macao SAR, China",2020,649342
MAC,"Macao SAR, China",2021,658391
MAF,St. Martin (French part),2005,34252
MAF,St. Martin (French part),2006,35240
MAF,St. Martin (French part),2007,36138
MAF,St. Martin (French part),2008,36880
MAF,St. Martin (French part),2009,37380
MAF,St. Martin (French part),2010,37582
MAF,St. Martin (French part),2011,37451
MAF,St. Martin (French part),2012,37012
MAF,St. Martin (French part),2013,36458
MAF,St. Martin (French part),2014,36018
MAF,St. Martin (French part),2015,35865
MAF,St. Martin (French part),2016,36061
MAF,St. Martin (French part),2017,36569
MAF,St. Martin (French part),2018,37264
MAF,St. Martin (French part),2019,38002
MAF,St. Martin (French part),2020,38659
MAF,St. Martin (French part),2021,39239
MAR,Morocco,2005,30455563
MAR,Morocco,2006,30804689
MAR,Morocco,2007,31163670
MAR,Morocco,2008,31536807
MAR,Morocco,2009,31929087
MAR,Morocco,2010,32343384
MAR,Morocco,2011,32781860
MAR,Morocco,2012,33241898
MAR,Morocco,2013,33715705
MAR,Morocco,2014,34192358
MAR,Morocco,2015,34663608
MAR,Morocco,2016,35126274
MAR,Morocco,2017,35581257
MAR,Morocco,2018,36029089
MAR,Morocco,2019,36471766
MAR,Morocco,2020,36910558
MAR,Morocco,2021,37344787
MCO,Monaco,2005,33842
MCO,Monaco,2006,34189
MCO,Monaco,2007,34524
MCO,Monaco,2008,34860
MCO,Monaco,2009,35223
MCO,Monaco,2010,35609
MCO,Monaco,2011,36025
MCO,Monaco,2012,36459
MCO,Monaco,2013,36899
MCO,Monaco,2014,37320
MCO,Monaco,2015,37723
MCO,Monaco,2016,38070
MCO,Monaco,2017,38392
MCO,Monaco,2018,38682
MCO,Monaco,2019,38967
MCO,Monaco,2020,39244
MCO,Monaco,2021,39520
MDA,Moldova,2005,2888111
MDA,Moldova,2006,2880095
MDA,Moldova,2007,2873429
MDA,Moldova,2008,2867964
MDA,Moldova,2009,2864346
MDA,Moldova,2010,2861487
MDA,Moldova,2011,2859833
MDA,Moldova,2012,2859458
MDA,Moldova,2013,2858692
MDA,Moldova,2014,2856950
MDA,Moldova,2015,2834530
MDA,Moldova,2016,2802170
MDA,Moldova,2017,2755158
MDA,Moldova,2018,2708214
MDA,Moldova,2019,2664974
MDA,Moldova,2020,2620495
MDA,Moldova,2021,2573928
MDG,Madagascar,2005,18336722
MDG,Madagascar,2006,18880265
MDG,Madagascar,2007,19433520
MDG,Madagascar,2008,19996476
MDG,Madagascar,2009,20569115
MDG,Madagascar,2010,21151640
MDG,Madagascar,2011,21743970
MDG,Madagascar,2012,22346641
MDG,Madagascar,2013,22961259
MDG,Madagascar,2014,23589897
MDG,Madagascar,2015,24234080
MDG,Madagascar,2016,24894370
MDG,Madagascar,2017,25570511
MDG,Madagascar,2018,26262313
MDG,Madagascar,2019,26969306
MDG,Madagascar,2020,27691019
MDG,Madagascar,2021,28427333
MDV,Maldives,2005,319604
MDV,Maldives,2006,327489
MDV,Maldives,2007,335172
MDV,Maldives,2008,343448
MDV,Maldives,2009,353391
MDV,Maldives,2010,365730
MDV,Maldives,2011,380493
MDV,Maldives,2012,397231
MDV,Maldives,2013,415592
MDV,Maldives,2014,435018
MDV,Maldives,2015,454914
MDV,Maldives,2016,475505
MDV,Maldives,2017,496398
MDV,Maldives,2018,515704
MDV,Maldives,2019,530957
MDV,Maldives,2020,540542
MDV,Maldives,2021,543620
MEX,Mexico,2005,106005199
MEX,Mexico,2006,107560155
MEX,Mexico,2007,109170503
MEX,Mexico,2008,110815272
MEX,Mexico,2009,112463886
MEX,Mexico,2010,114092961
MEX,Mexico,2011,115695468
MEX,Mexico,2012,117274156
MEX,Mexico,2013,118827158
MEX,Mexico,2014,120355137
MEX,Mexico,2015,121858251
MEX,Mexico,2016,123333379
MEX,Mexico,2017,124777326
MEX,Mexico,2018,126190782
MEX,Mexico,2019,127575529
MEX,Mexico,2020,128932753
MEX,Mexico,2021,130262220
MHL,Marshall Islands,2005,55257
MHL,Marshall Islands,2006,55765
MHL,Marshall Islands,2007,56046
MHL,Marshall Islands,2008,56166
MHL,Marshall Islands,2009,56255
MHL,Marshall Islands,2010,56361
MHL,Marshall Islands,2011,56524
MHL,Marshall Islands,2012,56712
MHL,Marshall Islands,2013,56933
MHL,Marshall Islands,2014,57183
MHL,Marshall Islands,2015,57444
MHL,Marshall Islands,2016,57723
MHL,Marshall Islands,2017,58053
MHL,Marshall Islands,2018,58412
MHL,Marshall Islands,2019,58791
MHL,Marshall Islands,2020,59194
MHL,Marshall Islands,2021,59618
MKD,North Macedonia,2005,2036855
MKD,North Macedonia,2006,2040228
MKD,North Macedonia,2007,2043559
MKD,North Macedonia,2008,2046898
MKD,North Macedonia,2009,2050671
MKD,North Macedonia,2010,2055004
MKD,North Macedonia,2011,2058539
MKD,North Macedonia,2012,2061044
MKD,North Macedonia,2013,2064032
MKD,North Macedonia,2014,2067471
MKD,North Macedonia,2015,2070226
MKD,North Macedonia,2016,2072490
MKD,North Macedonia,2017,2074502
MKD,North Macedonia,2018,2076217
MKD,North Macedonia,2019,2076694
MKD,North Macedonia,2020,2072531
MKD,North Macedonia,2021,2065092
MLI,Mali,2005,12775509
MLI,Mali,2006,13203378
MLI,Mali,2007,13651455
MLI,Mali,2008,14113578
MLI,Mali,2009,14581427
MLI,Mali,2010,15049352
MLI,Mali,2011,15514593
MLI,Mali,2012,15979492
MLI,Mali,2013,16449854
MLI,Mali,2014,16934213
MLI,Mali,2015,17438772
MLI,Mali,2016,17965448
MLI,Mali,2017,18512429
MLI,Mali,2018,19077755
MLI,Mali,2019,19658023
MLI,Mali,2020,20250834
MLI,Mali,2021,20855724
MLT,Malta,2005,403834
MLT,Malta,2006,405308
MLT,Malta,2007,406724
MLT,Malta,2008,409379
MLT,Malta,2009,412477
MLT,Malta,2010,414508
MLT,Malta,2011,416268
MLT,Malta,2012,420028
MLT,Malta,2013,425967
MLT,Malta,2014,434558
MLT,Malta,2015,445053
MLT,Malta,2016,455356
MLT,Malta,2017,467999
MLT,Malta,2018,484630
MLT,Malta,2019,504062
MLT,Malta,2020,515332
MLT,Malta,2021,516869
MMR,Myanmar,2005,48949931
MMR,Myanmar,2006,49301049
MMR,Myanmar,2007,49621479
MMR,Myanmar,2008,49929642
MMR,Myanmar,2009,50250366
MMR,Myanmar,2010,50600827
MMR,Myanmar,2011,50990612
MMR,Myanmar,2012,51413703
MMR,Myanmar,2013,51852464
MMR,Myanmar,2014,52280816
MMR,Myanmar,2015,52680724
MMR,Myanmar,2016,53045199
MMR,Myanmar,2017,53382521
MMR,Myanmar,2018,53708318
MMR,Myanmar,2019,54045422
MMR,Myanmar,2020,54409794
MMR,Myanmar,2021,54806014
MNE,Montenegro,2005,614261
MNE,Montenegro,2006,615025
MNE,Montenegro,2007,615875
MNE,Montenegro,2008,616969
MNE,Montenegro,2009,618294
MNE,Montenegro,2010,619428
MNE,Montenegro,2011,620079
MNE,Montenegro,2012,620601
MNE,Montenegro,2013,621207
MNE,Montenegro,2014,621810
MNE,Montenegro,2015,622159
MNE,Montenegro,2016,622303
MNE,Montenegro,2017,622373
MNE,Montenegro,2018,622227
MNE,Montenegro,2019,622028
MNE,Montenegro,2020,621306
MNE,Montenegro,2021,620173
MNG,Mongolia,2005,2526429
MNG,Mongolia,2006,2558854
MNG,Mongolia,2007,2593819
MNG,Mongolia,2008,2631899
MNG,Mongolia,2009,2673794
MNG,Mongolia,2010,2719902
MNG,Mongolia,2011,2770357
MNG,Mongolia,2012,2824698
MNG,Mongolia,2013,2881783
MNG,Mongolia,2014,2940111
MNG,Mongolia,2015,2998433
MNG,Mongolia,2016,3056358
MNG,Mongolia,2017,3113788
MNG,Mongolia,2018,3170214
MNG,Mongolia,2019,3225166
MNG,Mongolia,2020,3278292
MNG,Mongolia,2021,3329282
MNP,Northern Mariana Islands,2005,56547
MNP,Northern Mariana Islands,2006,55886
MNP,Northern Mariana Islands,2007,55215
MNP,Northern Mariana Islands,2008,54621
MNP,Northern Mariana Islands,2009,54194
MNP,Northern Mariana Islands,2010,53971
MNP,Northern Mariana Islands,2011,54013
MNP,Northern Mariana Islands,2012,54306
MNP,Northern Mariana Islands,2013,54786
MNP,Northern Mariana Islands,2014,55301
MNP,Northern Mariana Islands,2015,55779
MNP,Northern Mariana Islands,2016,56187
MNP,Northern Mariana Islands,2017,56553
MNP,Northern Mariana Islands,2018,56889
MNP,Northern Mariana Islands,2019,57213
MNP,Northern Mariana Islands,2020,57557
MNP,Northern Mariana Islands,2021,57910
MOZ,Mozambique,2005,20493927
MOZ,Mozambique,2006,21080108
MOZ,Mozambique,2007,21673319
MOZ,Mozambique,2008,22276596
MOZ,Mozambique,2009,22894718
MOZ,Mozambique,2010,23531567
MOZ,Mozambique,2011,24187500
MOZ,Mozambique,2012,24862673
MOZ,Mozambique,2013,25560752
MOZ,Mozambique,2014,26286192
MOZ,Mozambique,2015,27042001
MOZ,Mozambique,2016,27829930
MOZ,Mozambique,2017,28649007
MOZ,Mozambique,2018,29496009
MOZ,Mozambique,2019,30366043
MOZ,Mozambique,2020,31255435
MOZ,Mozambique,2021,32163045
MRT,Mauritania,2005,3024198
MRT,Mauritania,2006,3111908
MRT,Mauritania,2007,3202512
MRT,Mauritania,2008,3296237
MRT,Mauritania,2009,3393408
MRT,Mauritania,2010,3494200
MRT,Mauritania,2011,3598646
MRT,Mauritania,2012,3706555
MRT,Mauritania,2013,3817497
MRT,Mauritania,2014,3930894
MRT,Mauritania,2015,4046304
MRT,Mauritania,2016,4163532
MRT,Mauritania,2017,4282582
MRT,Mauritania,2018,4403312
MRT,Mauritania,2019,4525698
MRT,Mauritania,2020,4649660
MRT,Mauritania,2021,4775110
MUS,Mauritius,2005,1228254
MUS,Mauritius,2006,1233996
MUS,Mauritius,2007,1239630
MUS,Mauritius,2008,1244121
MUS,Mauritius,2009,1247429
MUS,Mauritius,2010,1250400
MUS,Mauritius,2011,1252404
MUS,Mauritius,2012,1255882
MUS,Mauritius,2013,1258653
MUS,Mauritius,2014,1260934
MUS,Mauritius,2015,1262605
MUS,Mauritius,2016,1263473
MUS,Mauritius,2017,1264613
MUS,Mauritius,2018,1265303
MUS,Mauritius,2019,1265711
MUS,Mauritius,2020,1265740
MUS,Mauritius,2021,1266060
MWI,Malawi,2005,12625950
MWI,Malawi,2006,12973693
MWI,Malawi,2007,13341808
MWI,Malawi,2008,13727899
MWI,Malawi,2009,14128161
MWI,Malawi,2010,14539609
MWI,Malawi,2011,14962118
MWI,Malawi,2012,15396010
MWI,Malawi,2013,15839287
MWI,Malawi,2014,16289550
MWI,Malawi,2015,16745305
MWI,Malawi,2016,17205253
MWI,Malawi,2017,17670193
MWI,Malawi,2018,18143215
MWI,Malawi,2019,18628749
MWI,Malawi,2020,19129955
MWI,Malawi,2021,19647681
MYS,Malaysia,2005,25690615
MYS,Malaysia,2006,26201954
MYS,Malaysia,2007,26720367
MYS,Malaysia,2008,27236003
MYS,Malaysia,2009,27735038
MYS,Malaysia,2010,28208028
MYS,Malaysia,2011,28650962
MYS,Malaysia,2012,29068189
MYS,Malaysia,2013,29468923
MYS,Malaysia,2014,29866606
MYS,Malaysia,2015,30270965
MYS,Malaysia,2016,30684652
MYS,Malaysia,2017,31104655
MYS,Malaysia,2018,31528033
MYS,Malaysia,2019,31949789
MYS,Malaysia,2020,32365998
MYS,Malaysia,2021,32776195
NCL,New Caledonia,2005,232250
NCL,New Caledonia,2006,235750
NCL,New Caledonia,2007,239250
NCL,New Caledonia,2008,242750
NCL,New Caledonia,2009,245950
NCL,New Caledonia,2010,249750
NCL,New Caledonia,2011,254350
NCL,New Caledonia,2012,259000
NCL,New Caledonia,2013,263650
NCL,New Caledonia,2014,268050
NCL,New Caledonia,2015,268700
NCL,New Caledonia,2016,269350
NCL,New Caledonia,2017,270000
NCL,New Caledonia,2018,270650
NCL,New Caledonia,2019,271300
NCL,New Caledonia,2020,271960
NCL,New Caledonia,2021,272620
NER,Niger,2005,13624474
NER,Niger,2006,14143969
NER,Niger,2007,14685404
NER,Niger,2008,15250913
NER,Niger,2009,15843131
NER,Niger,2010,16464025
NER,Niger,2011,17114770
NER,Niger,2012,17795209
NER,Niger,2013,18504287
NER,Niger,2014,19240182
NER,Niger,2015,20001663
NER,Niger,2016,20788789
NER,Niger,2017,21602388
NER,Niger,2018,22442831
NER,Niger,2019,23310719
NER,Niger,2020,24206636
NER,Niger,2021,25130810
NGA,Nigeria,2005,138865014
NGA,Nigeria,2006,142538305
NGA,Nigeria,2007,146339971
NGA,Nigeria,2008,150269622
NGA,Nigeria,2009,154324939
NGA,Nigeria,2010,158503203
NGA,Nigeria,2011,162805080
NGA,Nigeria,2012,167228803
NGA,Nigeria,2013,171765819
NGA,Nigeria,2014,176404931
NGA,Nigeria,2015,181137454
NGA,Nigeria,2016,185960244
NGA,Nigeria,2017,190873247
NGA,Nigeria,2018,195874685
NGA,Nigeria,2019,200963603
NGA,Nigeria,2020,206139587
NGA,Nigeria,2021,211400704
NIC,Nicaragua,2005,5438692
NIC,Nicaragua,2006,5513757
NIC,Nicaragua,2007,5590066
NIC,Nicaragua,2008,5667436
NIC,Nicaragua,2009,5745538
NIC,Nicaragua,2010,5824058
NIC,Nicaragua,2011,5903035
NIC,Nicaragua,2012,5982530
NIC,Nicaragua,2013,6062462
NIC,Nicaragua,2014,6142734
NIC,Nicaragua,2015,6223234
NIC,Nicaragua,2016,6303970
NIC,Nicaragua,2017,6384843
NIC,Nicaragua,2018,6465502
NIC,Nicaragua,2019,6545503
NIC,Nicaragua,2020,6624554
NIC,Nicaragua,2021,6702379
NLD,Netherlands,2005,16319868
NLD,Netherlands,2006,16346101
NLD,Netherlands,2007,16381696
NLD,Netherlands,2008,16445593
NLD,Netherlands,2009,16530388
NLD,Netherlands,2010,16615394
NLD,Netherlands,2011,16693074
NLD,Netherlands,2012,16754962
NLD,Netherlands,2013,16804432
NLD,Netherlands,2014,16865008
NLD,Netherlands,2015,16939923
NLD,Netherlands,2016,17030314
NLD,Netherlands,2017,17131296
NLD,Netherlands,2018,17231624
NLD,Netherlands,2019,17344874
NLD,Netherlands,2020,17441500
NLD,Netherlands,2021,17533405
NOR,Norway,2005,4623291
NOR,Norway,2006,4660677
NOR,Norway,2007,4709153
NOR,Norway,2008,4768212
NOR,Norway,2009,4828726
NOR,Norway,2010,4889252
NOR,Norway,2011,4953088
NOR,Norway,2012,5018573
NOR,Norway,2013,5079623
NOR,Norway,2014,5137232
NOR,Norway,2015,5188607
NOR,Norway,2016,5234519
NOR,Norway,2017,5276968
NOR,Norway,2018,5311916
NOR,Norway,2019,5347896
NOR,Norway,2020,5379475
NOR,Norway,2021,5408320
NPL,Nepal,2005,25744500
NPL,Nepal,2006,26066687
NPL,Nepal,2007,26382586
NPL,Nepal,2008,26666581
NPL,Nepal,2009,26883531
NPL,Nepal,2010,27013207
NPL,Nepal,2011,27041220
NPL,Nepal,2012,26989160
NPL,Nepal,2013,26916795
NPL,Nepal,2014,26905982
NPL,Nepal,2015,27015033
NPL,Nepal,2016,27263430
NPL,Nepal,2017,27632682
NPL,Nepal,2018,28095712
NPL,Nepal,2019,28608715
NPL,Nepal,2020,29136808
NPL,Nepal,2021,29674920
NRU,Nauru,2005,9848
NRU,Nauru,2006,9827
NRU,Nauru,2007,9846
NRU,Nauru,2008,9880
NRU,Nauru,2009,9945
NRU,Nauru,2010,10009
NRU,Nauru,2011,10069
NRU,Nauru,2012,10136
NRU,Nauru,2013,10208
NRU,Nauru,2014,10289
NRU,Nauru,2015,10374
NRU,Nauru,2016,10474
NRU,Nauru,2017,10577
NRU,Nauru,2018,10678
NRU,Nauru,2019,10764
NRU,Nauru,2020,10834
NRU,Nauru,2021,10873
NZL,New Zealand,2005,4133900
NZL,New Zealand,2006,4184600
NZL,New Zealand,2007,4223800
NZL,New Zealand,2008,4259800
NZL,New Zealand,2009,4302600
NZL,New Zealand,2010,4350700
NZL,New Zealand,2011,4384000
NZL,New Zealand,2012,4408100
NZL,New Zealand,2013,4442100
NZL,New Zealand,2014,4516500
NZL,New Zealand,2015,4609400
NZL,New Zealand,2016,4714100
NZL,New Zealand,2017,4813600
NZL,New Zealand,2018,4900600
NZL,New Zealand,2019,4979200
NZL,New Zealand,2020,5090200
NZL,New Zealand,2021,5122600
OMN,Oman,2005,2511254
OMN,Oman,2006,2580753
OMN,Oman,2007,2657162
OMN,Oman,2008,2750956
OMN,Oman,2009,2876186
OMN,Oman,2010,3041435
OMN,Oman,2011,3251102
OMN,Oman,2012,3498031
OMN,Oman,2013,3764805
OMN,Oman,2014,4027255
OMN,Oman,2015,4267341
OMN,Oman,2016,4479217
OMN,Oman,2017,4665926
OMN,Oman,2018,4829476
OMN,Oman,2019,4974992
OMN,Oman,2020,5106622
OMN,Oman,2021,5223376
PAK,Pakistan,2005,160304007
PAK,Pakistan,2006,164022626
PAK,Pakistan,2007,167808106
PAK,Pakistan,2008,171648984
PAK,Pakistan,2009,175525610
PAK,Pakistan,2010,179424643
PAK,Pakistan,2011,183340168
PAK,Pakistan,2012,187280125
PAK,Pakistan,2013,191260799
PAK,Pakistan,2014,195305012
PAK,Pakistan,2015,199426953
PAK,Pakistan,2016,203631356
PAK,Pakistan,2017,207906210
PAK,Pakistan,2018,212228288
PAK,Pakistan,2019,216565317
PAK,Pakistan,2020,220892331
PAK,Pakistan,2021,225199929
PAN,Panama,2005,3330222
PAN,Panama,2006,3391673
PAN,Panama,2007,3453671
PAN,Panama,2008,3516204
PAN,Panama,2009,3579215
PAN,Panama,2010,3642691
PAN,Panama,2011,3706479
PAN,Panama,2012,3770635
PAN,Panama,2013,3835447
PAN,Panama,2014,3901311
PAN,Panama,2015,3968490
PAN,Panama,2016,4037073
PAN,Panama,2017,4106764
PAN,Panama,2018,4176868
PAN,Panama,2019,4246440
PAN,Panama,2020,4314768
PAN,Panama,2021,4381583
PER,Peru,2005,27866140
PER,Peru,2006,28102055
PER,Peru,2007,28333050
PER,Peru,2008,28562321
PER,Peru,2009,28792663
PER,Peru,2010,29027680
PER,Peru,2011,29264314
PER,Peru,2012,29506790
PER,Peru,2013,29773986
PER,Peru,2014,30090372
PER,Peru,2015,30470739
PER,Peru,2016,30926036
PER,Peru,2017,31444299
PER,Peru,2018,31989265
PER,Peru,2019,32510462
PER,Peru,2020,32971846
PER,Peru,2021,33359416
PHL,Philippines,2005,86326251
PHL,Philippines,2006,87888675
PHL,Philippines,2007,89405482
PHL,Philippines,2008,90901967
PHL,Philippines,2009,92414161
PHL,Philippines,2010,93966784
PHL,Philippines,2011,95570049
PHL,Philippines,2012,97212639
PHL,Philippines,2013,98871558
PHL,Philippines,2014,100513137
PHL,Philippines,2015,102113206
PHL,Philippines,2016,103663812
PHL,Philippines,2017,105172921
PHL,Philippines,2018,106651394
PHL,Philippines,2019,108116622
PHL,Philippines,2020,109581085
PHL,Philippines,2021,111046910
PLW,Palau,2005,19784
PLW,Palau,2006,19545
PLW,Palau,2007,19159
PLW,Palau,2008,18708
PLW,Palau,2009,18290
PLW,Palau,2010,17954
PLW,Palau,2011,17748
PLW,Palau,2012,17635
PLW,Palau,2013,17603
PLW,Palau,2014,17625
PLW,Palau,2015,17665
PLW,Palau,2016,17718
PLW,Palau,2017,17809
PLW,Palau,2018,17911
PLW,Palau,2019,18001
PLW,Palau,2020,18092
PLW,Palau,2021,18174
PNG,Papua New Guinea,2005,6494902
PNG,Papua New Guinea,2006,6646891
PNG,Papua New Guinea,2007,6808503
PNG,Papua New Guinea,2008,6976200
PNG,Papua New Guinea,2009,7144774
PNG,Papua New Guinea,2010,7310512
PNG,Papua New Guinea,2011,7472196
PNG,Papua New Guinea,2012,7631003
PNG,Papua New Guinea,2013,7788388
PNG,Papua New Guinea,2014,7946733
PNG,Papua New Guinea,2015,8107772
PNG,Papua New Guinea,2016,8271766
PNG,Papua New Guinea,2017,8438038
PNG,Papua New Guinea,2018,8606324
PNG,Papua New Guinea,2019,8776119
PNG,Papua New Guinea,2020,8947027
PNG,Papua New Guinea,2021,9119005
POL,Poland,2005,38165445
POL,Poland,2006,38141267
POL,Poland,2007,38120560
POL,Poland,2008,38125759
POL,Poland,2009,38151603
POL,Poland,2010,38042794
POL,Poland,2011,38063255
POL,Poland,2012,38063164
POL,Poland,2013,38040196
POL,Poland,2014,38011735
POL,Poland,2015,37986412
POL,Poland,2016,37970087
POL,Poland,2017,37974826
POL,Poland,2018,37974750
POL,Poland,2019,37965475
POL,Poland,2020,37899070
POL,Poland,2021,37781024
PRI,Puerto Rico,2005,3821362
PRI,Puerto Rico,2006,3805214
PRI,Puerto Rico,2007,3782995
PRI,Puerto Rico,2008,3760866
PRI,Puerto Rico,2009,3740410
PRI,Puerto Rico,2010,3721525
PRI,Puerto Rico,2011,3678732
PRI,Puerto Rico,2012,3634488
PRI,Puerto Rico,2013,3593077
PRI,Puerto Rico,2014,3534874
PRI,Puerto Rico,2015,3473232
PRI,Puerto Rico,2016,3406672
PRI,Puerto Rico,2017,3325286
PRI,Puerto Rico,2018,3193354
PRI,Puerto Rico,2019,3193694
PRI,Puerto Rico,2020,3281538
PRI,Puerto Rico,2021,3263584
PRK,"Korea, Dem. People's Rep.",2005,23904167
PRK,"Korea, Dem. People's Rep.",2006,24054866
PRK,"Korea, Dem. People's Rep.",2007,24188330
PRK,"Korea, Dem. People's Rep.",2008,24310143
PRK,"Korea, Dem. People's Rep.",2009,24428340
PRK,"Korea, Dem. People's Rep.",2010,24548840
PRK,"Korea, Dem. People's Rep.",2011,24673392
PRK,"Korea, Dem. People's Rep.",2012,24800638
PRK,"Korea, Dem. People's Rep.",2013,24929500
PRK,"Korea, Dem. People's Rep.",2014,25057793
PRK,"Korea, Dem. People's Rep.",2015,25183832
PRK,"Korea, Dem. People's Rep.",2016,25307665
PRK,"Korea, Dem. People's Rep.",2017,25429816
PRK,"Korea, Dem. People's Rep.",2018,25549606
PRK,"Korea, Dem. People's Rep.",2019,25666158
PRK,"Korea, Dem. People's Rep.",2020,25778815
PRK,"Korea, Dem. People's Rep.",2021,25887045
PRT,Portugal,2005,10503330
PRT,Portugal,2006,10522288
PRT,Portugal,2007,10542964
PRT,Portugal,2008,10558177
PRT,Portugal,2009,10568247
PRT,Portugal,2010,10573100
PRT,Portugal,2011,10557560
PRT,Portugal,2012,10514844
PRT,Portugal,2013,10457295
PRT,Portugal,2014,10401062
PRT,Portugal,2015,10358076
PRT,Portugal,2016,10325452
PRT,Portugal,2017,10300300
PRT,Portugal,2018,10283822
PRT,Portugal,2019,10286263
PRT,Portugal,2020,10297081
PRT,Portugal,2021,10299423
PRY,Paraguay,2005,5824095
PRY,Paraguay,2006,5913212
PRY,Paraguay,2007,5998430
PRY,Paraguay,2008,6081296
PRY,Paraguay,2009,6163970
PRY,Paraguay,2010,6248017
PRY,Paraguay,2011,6333981
PRY,Paraguay,2012,6421510
PRY,Paraguay,2013,6510273
PRY,Paraguay,2014,6599524
PRY,Paraguay,2015,6688746
PRY,Paraguay,2016,6777878
PRY,Paraguay,2017,6867058
PRY,Paraguay,2018,6956069
PRY,Paraguay,2019,7044639
PRY,Paraguay,2020,7132530
PRY,Paraguay,2021,7219641
PSE,West Bank and Gaza,2005,3320396
PSE,West Bank and Gaza,2006,3406334
PSE,West Bank and Gaza,2007,3494496
PSE,West Bank and Gaza,2008,3591977
PSE,West Bank and Gaza,2009,3689099
PSE,West Bank and Gaza,2010,3786161
PSE,West Bank and Gaza,2011,3882986
PSE,West Bank and Gaza,2012,3979998
PSE,West Bank and Gaza,2013,4076708
PSE,West Bank and Gaza,2014,4173398
PSE,West Bank and Gaza,2015,4270092
PSE,West Bank and Gaza,2016,4367088
PSE,West Bank and Gaza,2017,4454805
PSE,West Bank and Gaza,2018,4569087
PSE,West Bank and Gaza,2019,4685306
PSE,West Bank and Gaza,2020,4803269
PSE,West Bank and Gaza,2021,4922749
PYF,French Polynesia,2005,258780
PYF,French Polynesia,2006,261007
PYF,French Polynesia,2007,262717
PYF,French Polynesia,2008,264064
PYF,French Polynesia,2009,265256
PYF,French Polynesia,2010,266449
PYF,French Polynesia,2011,267702
PYF,French Polynesia,2012,268995
PYF,French Polynesia,2013,270332
PYF,French Polynesia,2014,271713
PYF,French Polynesia,2015,273119
PYF,French Polynesia,2016,274576
PYF,French Polynesia,2017,276108
PYF,French Polynesia,2018,277673
PYF,French Polynesia,2019,279285
PYF,French Polynesia,2020,280904
PYF,French Polynesia,2021,282534
QAT,Qatar,2005,865410
QAT,Qatar,2006,1022704
QAT,Qatar,2007,1218441
QAT,Qatar,2008,1436670
QAT,Qatar,2009,1654944
QAT,Qatar,2010,1856329
QAT,Qatar,2011,2035862
QAT,Qatar,2012,2196078
QAT,Qatar,2013,2336579
QAT,Qatar,2014,2459202
QAT,Qatar,2015,2565708
QAT,Qatar,2016,2654379
QAT,Qatar,2017,2724727
QAT,Qatar,2018,2781682
QAT,Qatar,2019,2832071
QAT,Qatar,2020,2881060
QAT,Qatar,2021,2930524
ROU,Romania,2005,21319685
ROU,Romania,2006,21193760
ROU,Romania,2007,20882982
ROU,Romania,2008,20537875
ROU,Romania,2009,20367487
ROU,Romania,2010,20246871
ROU,Romania,2011,20147528
ROU,Romania,2012,20058035
ROU,Romania,2013,19983693
ROU,Romania,2014,19908979
ROU,Romania,2015,19815616
ROU,Romania,2016,19702267
ROU,Romania,2017,19588715
ROU,Romania,2018,19473970
ROU,Romania,2019,19371648
ROU,Romania,2020,19257520
ROU,Romania,2021,19115146
RUS,Russian Federation,2005,143518814
RUS,Russian Federation,2006,143049637
RUS,Russian Federation,2007,142805114
RUS,Russian Federation,2008,142742366
RUS,Russian Federation,2009,142785349
RUS,Russian Federation,2010,142849468
RUS,Russian Federation,2011,142960908
RUS,Russian Federation,2012,143201721
RUS,Russian Federation,2013,143506995
RUS,Russian Federation,2014,143819667
RUS,Russian Federation,2015,144096870
RUS,Russian Federation,2016,144342397
RUS,Russian Federation,2017,144496739
RUS,Russian Federation,2018,144477859
RUS,Russian Federation,2019,144406261
RUS,Russian Federation,2020,144073139
RUS,Russian Federation,2021,143446060
RWA,Rwanda,2005,8840220
RWA,Rwanda,2006,9043342
RWA,Rwanda,2007,9273759
RWA,Rwanda,2008,9524532
RWA,Rwanda,2009,9782770
RWA,Rwanda,2010,10039338
RWA,Rwanda,2011,10293333
RWA,Rwanda,2012,10549668
RWA,Rwanda,2013,10811538
RWA,Rwanda,2014,11083629
RWA,Rwanda,2015,11369066
RWA,Rwanda,2016,11668829
RWA,Rwanda,2017,11980960
RWA,Rwanda,2018,12301969
RWA,Rwanda,2019,12626938
RWA,Rwanda,2020,12952209
RWA,Rwanda,2021,13276517
SAU,Saudi Arabia,2005,23816175
SAU,Saudi Arabia,2006,24498313
SAU,Saudi Arabia,2007,25184589
SAU,Saudi Arabia,2008,25888535
SAU,Saudi Arabia,2009,26630303
SAU,Saudi Arabia,2010,27421468
SAU,Saudi Arabia,2011,28267591
SAU,Saudi Arabia,2012,29154906
SAU,Saudi Arabia,2013,30052058
SAU,Saudi Arabia,2014,30916603
SAU,Saudi Arabia,2015,31717676
SAU,Saudi Arabia,2016,32443443
SAU,Saudi Arabia,2017,33101183
SAU,Saudi Arabia,2018,33702757
SAU,Saudi Arabia,2019,34268529
SAU,Saudi Arabia,2020,34813867
SAU,Saudi Arabia,2021,35340680
SDN,Sudan,2005,30949514
SDN,Sudan,2006,31661824
SDN,Sudan,2007,32360619
SDN,Sudan,2008,33060844
SDN,Sudan,2009,33783779
SDN,Sudan,2010,34545014
SDN,Sudan,2011,35349676
SDN,Sudan,2012,36193781
SDN,Sudan,2013,37072555
SDN,Sudan,2014,37977657
SDN,Sudan,2015,38902948
SDN,Sudan,2016,39847433
SDN,Sudan,2017,40813398
SDN,Sudan,2018,41801532
SDN,Sudan,2019,42813237
SDN,Sudan,2020,43849269
SDN,Sudan,2021,44909351
SEN,Senegal,2005,11090123
SEN,Senegal,2006,11382272
SEN,Senegal,2007,11687078
SEN,Senegal,2008,12004700
SEN,Senegal,2009,12335092
SEN,Senegal,2010,12678143
SEN,Senegal,2011,13033814
SEN,Senegal,2012,13401990
SEN,Senegal,2013,13782429
SEN,Senegal,2014,14174740
SEN,Senegal,2015,14578450
SEN,Senegal,2016,14993514
SEN,Senegal,2017,15419354
SEN,Senegal,2018,15854324
SEN,Senegal,2019,16296362
SEN,Senegal,2020,16743930
SEN,Senegal,2021,17196308
SGP,Singapore,2005,4265762
SGP,Singapore,2006,4401365
SGP,Singapore,2007,4588599
SGP,Singapore,2008,4839396
SGP,Singapore,2009,4987573
SGP,Singapore,2010,5076732
SGP,Singapore,2011,5183688
SGP,Singapore,2012,5312437
SGP,Singapore,2013,5399162
SGP,Singapore,2014,5469724
SGP,Singapore,2015,5535002
SGP,Singapore,2016,5607283
SGP,Singapore,2017,5612253
SGP,Singapore,2018,5638676
SGP,Singapore,2019,5703569
SGP,Singapore,2020,5685807
SGP,Singapore,2021,5453566
SLB,Solomon Islands,2005,469918
SLB,Solomon Islands,2006,481086
SLB,Solomon Islands,2007,492133
SLB,Solomon Islands,2008,503366
SLB,Solomon Islands,2009,515182
SLB,Solomon Islands,2010,527861
SLB,Solomon Islands,2011,541522
SLB,Solomon Islands,2012,556066
SLB,Solomon Islands,2013,571329
SLB,Solomon Islands,2014,587079
SLB,Solomon Islands,2015,603133
SLB,Solomon Islands,2016,619438
SLB,Solomon Islands,2017,636030
SLB,Solomon Islands,2018,652856
SLB,Solomon Islands,2019,669821
SLB,Solomon Islands,2020,686878
SLB,Solomon Islands,2021,703995
SLE,Sierra Leone,2005,5645629
SLE,Sierra Leone,2006,5829240
SLE,Sierra Leone,2007,5989641
SLE,Sierra Leone,2008,6133599
SLE,Sierra Leone,2009,6272735
SLE,Sierra Leone,2010,6415636
SLE,Sierra Leone,2011,6563238
SLE,Sierra Leone,2012,6712586
SLE,Sierra Leone,2013,6863975
SLE,Sierra Leone,2014,7017153
SLE,Sierra Leone,2015,7171909
SLE,Sierra Leone,2016,7328846
SLE,Sierra Leone,2017,7488427
SLE,Sierra Leone,2018,7650149
SLE,Sierra Leone,2019,7813207
SLE,Sierra Leone,2020,7976985
SLE,Sierra Leone,2021,8141343
SLV,El Salvador,2005,6052124
SLV,El Salvador,2006,6079395
SLV,El Salvador,2007,6105810
SLV,El Salvador,2008,6131767
SLV,El Salvador,2009,6157678
SLV,El Salvador,2010,6183877
SLV,El Salvador,2011,6210567
SLV,El Salvador,2012,6237922
SLV,El Salvador,2013,6266076
SLV,El Salvador,2014,6295124
SLV,El Salvador,2015,6325121
SLV,El Salvador,2016,6356137
SLV,El Salvador,2017,6388124
SLV,El Salvador,2018,6420740
SLV,El Salvador,2019,6453550
SLV,El Salvador,2020,6486201
SLV,El Salvador,2021,6518500
SMR,San Marino,2005,29324
SMR,San Marino,2006,29694
SMR,San Marino,2007,30068
SMR,San Marino,2008,30434
SMR,San Marino,2009,30825
SMR,San Marino,2010,31221
SMR,San Marino,2011,31655
SMR,San Marino,2012,32103
SMR,San Marino,2013,32554
SMR,San Marino,2014,32941
SMR,San Marino,2015,33270
SMR,San Marino,2016,33503
SMR,San Marino,2017,33671
SMR,San Marino,2018,33784
SMR,San Marino,2019,33864
SMR,San Marino,2020,33938
SMR,San Marino,2021,34010
SOM,Somalia,2005,10446856
SOM,Somalia,2006,10763904
SOM,Somalia,2007,11080122
SOM,Somalia,2008,11397188
SOM,Somalia,2009,11717691
SOM,Somalia,2010,12043886
SOM,Somalia,2011,12376305
SOM,Somalia,2012,12715487
SOM,Somalia,2013,13063711
SOM,Somalia,2014,13423571
SOM,Somalia,2015,13797204
SOM,Somalia,2016,14185635
SOM,Somalia,2017,14589165
SOM,Somalia,2018,15008225
SOM,Somalia,2019,15442906
SOM,Somalia,2020,15893219
SOM,Somalia,2021,16359500
SRB,Serbia,2005,7440769
SRB,Serbia,2006,7411569
SRB,Serbia,2007,7381579
SRB,Serbia,2008,7350222
SRB,Serbia,2009,7320807
SRB,Serbia,2010,7291436
SRB,Serbia,2011,7234099
SRB,Serbia,2012,7199077
SRB,Serbia,2013,7164132
SRB,Serbia,2014,7130576
SRB,Serbia,2015,7095383
SRB,Serbia,2016,7058322
SRB,Serbia,2017,7020858
SRB,Serbia,2018,6982604
SRB,Serbia,2019,6945235
SRB,Serbia,2020,6899126
SRB,Serbia,2021,6844078
STP,Sao Tome and Principe,2005,157472
STP,Sao Tome and Principe,2006,161676
STP,Sao Tome and Principe,2007,166297
STP,Sao Tome and Principe,2008,171122
STP,Sao Tome and Principe,2009,175877
STP,Sao Tome and Principe,2010,180372
STP,Sao Tome and Principe,2011,184521
STP,Sao Tome and Principe,2012,188394
STP,Sao Tome and Principe,2013,192076
STP,Sao Tome and Principe,2014,195727
STP,Sao Tome and Principe,2015,199439
STP,Sao Tome and Principe,2016,203221
STP,Sao Tome and Principe,2017,207086
STP,Sao Tome and Principe,2018,211032
STP,Sao Tome and Principe,2019,215048
STP,Sao Tome and Principe,2020,219161
STP,Sao Tome and Principe,2021,223364
SUR,Suriname,2005,499461
SUR,Suriname,2006,505292
SUR,Suriname,2007,511181
SUR,Suriname,2008,517122
SUR,Suriname,2009,523113
SUR,Suriname,2010,529126
SUR,Suriname,2011,535177
SUR,Suriname,2012,541247
SUR,Suriname,2013,547295
SUR,Suriname,2014,553278
SUR,Suriname,2015,559136
SUR,Suriname,2016,564883
SUR,Suriname,2017,570501
SUR,Suriname,2018,575987
SUR,Suriname,2019,581363
SUR,Suriname,2020,586634
SUR,Suriname,2021,591798
SVK,Slovak Republic,2005,5372807
SVK,Slovak Republic,2006,5373054
SVK,Slovak Republic,2007,5374622
SVK,Slovak Republic,2008,5379233
SVK,Slovak Republic,2009,5386406
SVK,Slovak Republic,2010,5391428
SVK,Slovak Republic,2011,5398384
SVK,Slovak Republic,2012,5407579
SVK,Slovak Republic,2013,5413393
SVK,Slovak Republic,2014,5418649
SVK,Slovak Republic,2015,5423801
SVK,Slovak Republic,2016,5430798
SVK,Slovak Republic,2017,5439232
SVK,Slovak Republic,2018,5446771
SVK,Slovak Republic,2019,5454147
SVK,Slovak Republic,2020,5458827
SVK,Slovak Republic,2021,5447247
SVN,Slovenia,2005,2000474
SVN,Slovenia,2006,2006868
SVN,Slovenia,2007,2018122
SVN,Slovenia,2008,2021316
SVN,Slovenia,2009,2039669
SVN,Slovenia,2010,2048583
SVN,Slovenia,2011,2052843
SVN,Slovenia,2012,2057159
SVN,Slovenia,2013,2059953
SVN,Slovenia,2014,2061980
SVN,Slovenia,2015,2063531
SVN,Slovenia,2016,2065042
SVN,Slovenia,2017,2066388
SVN,Slovenia,2018,2073894
SVN,Slovenia,2019,2088385
SVN,Slovenia,2020,2102419
SVN,Slovenia,2021,2107007
SWE,Sweden,2005,9029572
SWE,Sweden,2006,9080505
SWE,Sweden,2007,9148092
SWE,Sweden,2008,9219637
SWE,Sweden,2009,9298515
SWE,Sweden,2010,9378126
SWE,Sweden,2011,9449213
SWE,Sweden,2012,9519374
SWE,Sweden,2013,9600379
SWE,Sweden,2014,9696110
SWE,Sweden,2015,9799186
SWE,Sweden,2016,9923085
SWE,Sweden,2017,10057698
SWE,Sweden,2018,10175214
SWE,Sweden,2019,10278887
SWE,Sweden,2020,10353442
SWE,Sweden,2021,10415811
SWZ,Eswatini,2005,1030575
SWZ,Eswatini,2006,1036095
SWZ,Eswatini,2007,1042651
SWZ,Eswatini,2008,1049948
SWZ,Eswatini,2009,1057462
SWZ,Eswatini,2010,1064841
SWZ,Eswatini,2011,1072029
SWZ,Eswatini,2012,1079285
SWZ,Eswatini,2013,1086843
SWZ,Eswatini,2014,1095022
SWZ,Eswatini,2015,1104038
SWZ,Eswatini,2016,1113994
SWZ,Eswatini,2017,1124808
SWZ,Eswatini,2018,1136274
SWZ,Eswatini,2019,1148133
SWZ,Eswatini,2020,1160164
SWZ,Eswatini,2021,1172369
SYC,Seychelles,2005,82858
SYC,Seychelles,2006,84600
SYC,Seychelles,2007,85033
SYC,Seychelles,2008,86956
SYC,Seychelles,2009,87298
SYC,Seychelles,2010,89770
SYC,Seychelles,2011,87441
SYC,Seychelles,2012,88303
SYC,Seychelles,2013,89949
SYC,Seychelles,2014,91359
SYC,Seychelles,2015,93419
SYC,Seychelles,2016,94677
SYC,Seychelles,2017,95843
SYC,Seychelles,2018,96762
SYC,Seychelles,2019,97625
SYC,Seychelles,2020,98462
SYC,Seychelles,2021,99202
SYR,Syrian Arab Republic,2005,18361178
SYR,Syrian Arab Republic,2006,19059257
SYR,Syrian Arab Republic,2007,19878257
SYR,Syrian Arab Republic,2008,20664037
SYR,Syrian Arab Republic,2009,21205873
SYR,Syrian Arab Republic,2010,21362541
SYR,Syrian Arab Republic,2011,21081814
SYR,Syrian Arab Republic,2012,20438861
SYR,Syrian Arab Republic,2013,19578466
SYR,Syrian Arab Republic,2014,18710711
SYR,Syrian Arab Republic,2015,17997411
SYR,Syrian Arab Republic,2016,17465567
SYR,Syrian Arab Republic,2017,17095669
SYR,Syrian Arab Republic,2018,16945062
SYR,Syrian Arab Republic,2019,17070132
SYR,Syrian Arab Republic,2020,17500657
SYR,Syrian Arab Republic,2021,18275704
TCA,Turks and Caicos Islands,2005,28181
TCA,Turks and Caicos Islands,2006,29394
TCA,Turks and Caicos Islands,2007,30383
TCA,Turks and Caicos Islands,2008,31200
TCA,Turks and Caicos Islands,2009,31933
TCA,Turks and Caicos Islands,2010,32658
TCA,Turks and Caicos Islands,2011,33371
TCA,Turks and Caicos Islands,2012,34067
TCA,Turks and Caicos Islands,2013,34733
TCA,Turks and Caicos Islands,2014,35371
TCA,Turks and Caicos Islands,2015,35979
TCA,Turks and Caicos Islands,2016,36558
TCA,Turks and Caicos Islands,2017,37116
TCA,Turks and Caicos Islands,2018,37667
TCA,Turks and Caicos Islands,2019,38194
TCA,Turks and Caicos Islands,2020,38718
TCA,Turks and Caicos Islands,2021,39226
TCD,Chad,2005,10096630
TCD,Chad,2006,10457122
TCD,Chad,2007,10818031
TCD,Chad,2008,11183589
TCD,Chad,2009,11560142
TCD,Chad,2010,11952134
TCD,Chad,2011,12360986
TCD,Chad,2012,12784748
TCD,Chad,2013,13220433
TCD,Chad,2014,13663562
TCD,Chad,2015,14110971
TCD,Chad,2016,14561658
TCD,Chad,2017,15016761
TCD,Chad,2018,15477727
TCD,Chad,2019,15946882
TCD,Chad,2020,16425859
TCD,Chad,2021,16914985
TGO,Togo,2005,5611643
TGO,Togo,2006,5762881
TGO,Togo,2007,5920360
TGO,Togo,2008,6083417
TGO,Togo,2009,6250840
TGO,Togo,2010,6421674
TGO,Togo,2011,6595939
TGO,Togo,2012,6773807
TGO,Togo,2013,6954721
TGO,Togo,2014,7137997
TGO,Togo,2015,7323162
TGO,Togo,2016,7509952
TGO,Togo,2017,7698476
TGO,Togo,2018,7889095
TGO,Togo,2019,8082359
TGO,Togo,2020,8278737
TGO,Togo,2021,8478242
THA,Thailand,2005,65416189
THA,Thailand,2006,65812540
THA,Thailand,2007,66182064
THA,Thailand,2008,66530980
THA,Thailand,2009,66866834
THA,Thailand,2010,67195032
THA,Thailand,2011,67518379
THA,Thailand,2012,67835969
THA,Thailand,2013,68144519
THA,Thailand,2014,68438748
THA,Thailand,2015,68714519
THA,Thailand,2016,68971313
THA,Thailand,2017,69209817
THA,Thailand,2018,69428454
THA,Thailand,2019,69625581
THA,Thailand,2020,69799978
THA,Thailand,2021,69950844
TJK,Tajikistan,2005,6789318
TJK,Tajikistan,2006,6922590
TJK,Tajikistan,2007,7062667
TJK,Tajikistan,2008,7209924
TJK,Tajikistan,2009,7364752
TJK,Tajikistan,2010,7527397
TJK,Tajikistan,2011,7697507
TJK,Tajikistan,2012,7874838
TJK,Tajikistan,2013,8059782
TJK,Tajikistan,2014,8252828
TJK,Tajikistan,2015,8454019
TJK,Tajikistan,2016,8663575
TJK,Tajikistan,2017,8880270
TJK,Tajikistan,2018,9100847
TJK,Tajikistan,2019,9321023
TJK,Tajikistan,2020,9537642
TJK,Tajikistan,2021,9749625
TKM,Turkmenistan,2005,4754652
TKM,Turkmenistan,2006,4810114
TKM,Turkmenistan,2007,4870142
TKM,Turkmenistan,2008,4935765
TKM,Turkmenistan,2009,5007953
TKM,Turkmenistan,2010,5087211
TKM,Turkmenistan,2011,5174076
TKM,Turkmenistan,2012,5267906
TKM,Turkmenistan,2013,5366376
TKM,Turkmenistan,2014,5466324
TKM,Turkmenistan,2015,5565283
TKM,Turkmenistan,2016,5662371
TKM,Turkmenistan,2017,5757667
TKM,Turkmenistan,2018,5850902
TKM,Turkmenistan,2019,5942094
TKM,Turkmenistan,2020,6031187
TKM,Turkmenistan,2021,6117933
TLS,Timor-Leste,2005,995130
TLS,Timor-Leste,2006,1016437
TLS,Timor-Leste,2007,1036388
TLS,Timor-Leste,2008,1055428
TLS,Timor-Leste,2009,1074286
TLS,Timor-Leste,2010,1093517
TLS,Timor-Leste,2011,1113154
TLS,Timor-Leste,2012,1133002
TLS,Timor-Leste,2013,1153288
TLS,Timor-Leste,2014,1174333
TLS,Timor-Leste,2015,1196294
TLS,Timor-Leste,2016,1219289
TLS,Timor-Leste,2017,1243260
TLS,Timor-Leste,2018,1267975
TLS,Timor-Leste,2019,1293120
TLS,Timor-Leste,2020,1318442
TLS,Timor-Leste,2021,1343875
TON,Tonga,2005,100908
TON,Tonga,2006,101714
TON,Tonga,2007,102577
TON,Tonga,2008,103384
TON,Tonga,2009,103897
TON,Tonga,2010,103981
TON,Tonga,2011,103558
TON,Tonga,2012,102736
TON,Tonga,2013,101768
TON,Tonga,2014,101023
TON,Tonga,2015,100780
TON,Tonga,2016,101143
TON,Tonga,2017,102002
TON,Tonga,2018,103199
TON,Tonga,2019,104497
TON,Tonga,2020,105697
TON,Tonga,2021,106759
TTO,Trinidad and Tobago,2005,1296497
TTO,Trinidad and Tobago,2006,1302552
TTO,Trinidad and Tobago,2007,1308450
TTO,Trinidad and Tobago,2008,1314449
TTO,Trinidad and Tobago,2009,1320921
TTO,Trinidad and Tobago,2010,1328144
TTO,Trinidad and Tobago,2011,1336180
TTO,Trinidad and Tobago,2012,1344814
TTO,Trinidad and Tobago,2013,1353708
TTO,Trinidad and Tobago,2014,1362337
TTO,Trinidad and Tobago,2015,1370332
TTO,Trinidad and Tobago,2016,1377563
TTO,Trinidad and Tobago,2017,1384060
TTO,Trinidad and Tobago,2018,1389841
TTO,Trinidad and Tobago,2019,1394969
TTO,Trinidad and Tobago,2020,1399491
TTO,Trinidad and Tobago,2021,1403374
TUN,Tunisia,2005,10106778
TUN,Tunisia,2006,10201211
TUN,Tunisia,2007,10304729
TUN,Tunisia,2008,10414425
TUN,Tunisia,2009,10525691
TUN,Tunisia,2010,10635245
TUN,Tunisia,2011,10741872
TUN,Tunisia,2012,10846993
TUN,Tunisia,2013,10952949
TUN,Tunisia,2014,11063195
TUN,Tunisia,2015,11179951
TUN,Tunisia,2016,11303942
TUN,Tunisia,2017,11433438
TUN,Tunisia,2018,11565203
TUN,Tunisia,2019,11694721
TUN,Tunisia,2020,11818618
TUN,Tunisia,2021,11935764
TUR,Turkiye,2005,67903461
TUR,Turkiye,2006,68756809
TUR,Turkiye,2007,69581854
TUR,Turkiye,2008,70418612
TUR,Turkiye,2009,71321406
TUR,Turkiye,2010,72326992
TUR,Turkiye,2011,73443254
TUR,Turkiye,2012,74651046
TUR,Turkiye,2013,75925454
TUR,Turkiye,2014,77229262
TUR,Turkiye,2015,78529413
TUR,Turkiye,2016,79827868
TUR,Turkiye,2017,81116451
TUR,Turkiye,2018,82340090
TUR,Turkiye,2019,83429607
TUR,Turkiye,2020,84339067
TUR,Turkiye,2021,85042736
TUV,Tuvalu,2005,9997
TUV,Tuvalu,2006,10118
TUV,Tuvalu,2007,10219
TUV,Tuvalu,2008,10315
TUV,Tuvalu,2009,10413
TUV,Tuvalu,2010,10521
TUV,Tuvalu,2011,10626
TUV,Tuvalu,2012,10744
TUV,Tuvalu,2013,10849
TUV,Tuvalu,2014,10973
TUV,Tuvalu,2015,11099
TUV,Tuvalu,2016,11232
TUV,Tuvalu,2017,11365
TUV,Tuvalu,2018,11505
TUV,Tuvalu,2019,11655
TUV,Tuvalu,2020,11792
TUV,Tuvalu,2021,11925
TZA,Tanzania,2005,38450323
TZA,Tanzania,2006,39548666
TZA,Tanzania,2007,40681416
TZA,Tanzania,2008,41853944
TZA,Tanzania,2009,43073830
TZA,Tanzania,2010,44346532
TZA,Tanzania,2011,45673520
TZA,Tanzania,2012,47053033
TZA,Tanzania,2013,48483132
TZA,Tanzania,2014,49960563
TZA,Tanzania,2015,51482638
TZA,Tanzania,2016,53049231
TZA,Tanzania,2017,54660345
TZA,Tanzania,2018,56313444
TZA,Tanzania,2019,58005461
TZA,Tanzania,2020,59734213
TZA,Tanzania,2021,61498438
UGA,Uganda,2005,27684590
UGA,Uganda,2006,28571475
UGA,Uganda,2007,29486335
UGA,Uganda,2008,30431734
UGA,Uganda,2009,31411096
UGA,Uganda,2010,32428164
UGA,Uganda,2011,33476772
UGA,Uganda,2012,34558700
UGA,Uganda,2013,35694519
UGA,Uganda,2014,36911530
UGA,Uganda,2015,38225447
UGA,Uganda,2016,39649173
UGA,Uganda,2017,41166588
UGA,Uganda,2018,42729032
UGA,Uganda,2019,44269587
UGA,Uganda,2020,45741000
UGA,Uganda,2021,47123533
UKR,Ukraine,2005,47105171
UKR,Ukraine,2006,46787786
UKR,Ukraine,2007,46509355
UKR,Ukraine,2008,46258189
UKR,Ukraine,2009,46053331
UKR,Ukraine,2010,45870741
UKR,Ukraine,2011,45706086
UKR,Ukraine,2012,45593342
UKR,Ukraine,2013,45489648
UKR,Ukraine,2014,45272155
UKR,Ukraine,2015,45154036
UKR,Ukraine,2016,45004673
UKR,Ukraine,2017,44831135
UKR,Ukraine,2018,44622518
UKR,Ukraine,2019,44386203
UKR,Ukraine,2020,44132049
UKR,Ukraine,2021,43814581
URY,Uruguay,2005,3321799
URY,Uruguay,2006,3325403
URY,Uruguay,2007,3331753
URY,Uruguay,2008,3340221
URY,Uruguay,2009,3349676
URY,Uruguay,2010,3359273
URY,Uruguay,2011,3368926
URY,Uruguay,2012,3378975
URY,Uruguay,2013,3389436
URY,Uruguay,2014,3400439
URY,Uruguay,2015,3412013
URY,Uruguay,2016,3424139
URY,Uruguay,2017,3436645
URY,Uruguay,2018,3449290
URY,Uruguay,2019,3461731
URY,Uruguay,2020,3473727
URY,Uruguay,2021,3485152
USA,United States,2005,295516599
USA,United States,2006,298379912
USA,United States,2007,301231207
USA,United States,2008,304093966
USA,United States,2009,306771529
USA,United States,2010,309327143
USA,United States,2011,311583481
USA,United States,2012,313877662
USA,United States,2013,316059947
USA,United States,2014,318386329
USA,United States,2015,320738994
USA,United States,2016,323071755
USA,United States,2017,325122128
USA,United States,2018,326838199
USA,United States,2019,328329953
USA,United States,2020,331501080
USA,United States,2021,331893745
UZB,Uzbekistan,2005,26167000
UZB,Uzbekistan,2006,26488250
UZB,Uzbekistan,2007,26868000
UZB,Uzbekistan,2008,27302800
UZB,Uzbekistan,2009,27767400
UZB,Uzbekistan,2010,28562400
UZB,Uzbekistan,2011,29339400
UZB,Uzbekistan,2012,29774500
UZB,Uzbekistan,2013,30243200
UZB,Uzbekistan,2014,30757700
UZB,Uzbekistan,2015,31298900
UZB,Uzbekistan,2016,31847900
UZB,Uzbekistan,2017,32388600
UZB,Uzbekistan,2018,32956100
UZB,Uzbekistan,2019,33580350
UZB,Uzbekistan,2020,34232050
UZB,Uzbekistan,2021,34915100
VCT,St. Vincent and the Grenadines,2005,108617
VCT,St. Vincent and the Grenadines,2006,108602
VCT,St. Vincent and the Grenadines,2007,108516
VCT,St. Vincent and the Grenadines,2008,108401
VCT,St. Vincent and the Grenadines,2009,108293
VCT,St. Vincent and the Grenadines,2010,108260
VCT,St. Vincent and the Grenadines,2011,108315
VCT,St. Vincent and the Grenadines,2012,108435
VCT,St. Vincent and the Grenadines,2013,108624
VCT,St. Vincent and the Grenadines,2014,108868
VCT,St. Vincent and the Grenadines,2015,109135
VCT,St. Vincent and the Grenadines,2016,109467
VCT,St. Vincent and the Grenadines,2017,109826
VCT,St. Vincent and the Grenadines,2018,110210
VCT,St. Vincent and the Grenadines,2019,110593
VCT,St. Vincent and the Grenadines,2020,110947
VCT,St. Vincent and the Grenadines,2021,111269
VEN,"Venezuela, RB",2005,26432445
VEN,"Venezuela, RB",2006,26850190
VEN,"Venezuela, RB",2007,27247601
VEN,"Venezuela, RB",2008,27635827
VEN,"Venezuela, RB",2009,28031010
VEN,"Venezuela, RB",2010,28439942
VEN,"Venezuela, RB",2011,28887873
VEN,"Venezuela, RB",2012,29360827
VEN,"Venezuela, RB",2013,29781046
VEN,"Venezuela, RB",2014,30042973
VEN,"Venezuela, RB",2015,30081827
VEN,"Venezuela, RB",2016,29851249
VEN,"Venezuela, RB",2017,29402480
VEN,"Venezuela, RB",2018,28887117
VEN,"Venezuela, RB",2019,28515829
VEN,"Venezuela, RB",2020,28435943
VEN,"Venezuela, RB",2021,28704947
VGB,British Virgin Islands,2005,23106
VGB,British Virgin Islands,2006,24022
VGB,British Virgin Islands,2007,25050
VGB,British Virgin Islands,2008,26096
VGB,British Virgin Islands,2009,27035
VGB,British Virgin Islands,2010,27796
VGB,British Virgin Islands,2011,28326
VGB,British Virgin Islands,2012,28654
VGB,British Virgin Islands,2013,28850
VGB,British Virgin Islands,2014,28985
VGB,British Virgin Islands,2015,29148
VGB,British Virgin Islands,2016,29355
VGB,British Virgin Islands,2017,29567
VGB,British Virgin Islands,2018,29795
VGB,British Virgin Islands,2019,30033
VGB,British Virgin Islands,2020,30237
VGB,British Virgin Islands,2021,30423
VIR,Virgin Islands (U.S.),2005,108453
VIR,Virgin Islands (U.S.),2006,108369
VIR,Virgin Islands (U.S.),2007,108337
VIR,Virgin Islands (U.S.),2008,108397
VIR,Virgin Islands (U.S.),2009,108404
VIR,Virgin Islands (U.S.),2010,108357
VIR,Virgin Islands (U.S.),2011,108290
VIR,Virgin Islands (U.S.),2012,108188
VIR,Virgin Islands (U.S.),2013,108041
VIR,Virgin Islands (U.S.),2014,107882
VIR,Virgin Islands (U.S.),2015,107712
VIR,Virgin Islands (U.S.),2016,107516
VIR,Virgin Islands (U.S.),2017,107281
VIR,Virgin Islands (U.S.),2018,107001
VIR,Virgin Islands (U.S.),2019,106669
VIR,Virgin Islands (U.S.),2020,106290
VIR,Virgin Islands (U.S.),2021,105870
VNM,Vietnam,2005,83832662
VNM,Vietnam,2006,84617545
VNM,Vietnam,2007,85419588
VNM,Vietnam,2008,86243424
VNM,Vietnam,2009,87092250
VNM,Vietnam,2010,87967655
VNM,Vietnam,2011,88871384
VNM,Vietnam,2012,89801926
VNM,Vietnam,2013,90752593
VNM,Vietnam,2014,91713850
VNM,Vietnam,2015,92677082
VNM,Vietnam,2016,93640435
VNM,Vietnam,2017,94600643
VNM,Vietnam,2018,95545959
VNM,Vietnam,2019,96462108
VNM,Vietnam,2020,97338583
VNM,Vietnam,2021,98168829
VUT,Vanuatu,2005,209282
VUT,Vanuatu,2006,214379
VUT,Vanuatu,2007,219464
VUT,Vanuatu,2008,224700
VUT,Vanuatu,2009,230244
VUT,Vanuatu,2010,236216
VUT,Vanuatu,2011,242658
VUT,Vanuatu,2012,249505
VUT,Vanuatu,2013,256637
VUT,Vanuatu,2014,263888
VUT,Vanuatu,2015,271128
VUT,Vanuatu,2016,278326
VUT,Vanuatu,2017,285499
VUT,Vanuatu,2018,292675
VUT,Vanuatu,2019,299882
VUT,Vanuatu,2020,307150
VUT,Vanuatu,2021,314464
WSM,Samoa,2005,179722
WSM,Samoa,2006,180874
WSM,Samoa,2007,182045
WSM,Samoa,2008,183270
WSM,Samoa,2009,184553
WSM,Samoa,2010,185944
WSM,Samoa,2011,187469
WSM,Samoa,2012,189089
WSM,Samoa,2013,190712
WSM,Samoa,2014,192220
WSM,Samoa,2015,193510
WSM,Samoa,2016,194540
WSM,Samoa,2017,195358
WSM,Samoa,2018,196128
WSM,Samoa,2019,197093
WSM,Samoa,2020,198410
WSM,Samoa,2021,200144
YEM,"Yemen, Rep.",2005,20107416
YEM,"Yemen, Rep.",2006,20687648
YEM,"Yemen, Rep.",2007,21282514
YEM,"Yemen, Rep.",2008,21892149
YEM,"Yemen, Rep.",2009,22516464
YEM,"Yemen, Rep.",2010,23154854
YEM,"Yemen, Rep.",2011,23807586
YEM,"Yemen, Rep.",2012,24473176
YEM,"Yemen, Rep.",2013,25147112
YEM,"Yemen, Rep.",2014,25823488
YEM,"Yemen, Rep.",2015,26497881
YEM,"Yemen, Rep.",2016,27168210
YEM,"Yemen, Rep.",2017,27834811
YEM,"Yemen, Rep.",2018,28498683
YEM,"Yemen, Rep.",2019,29161922
YEM,"Yemen, Rep.",2020,29825968
YEM,"Yemen, Rep.",2021,30490639
ZAF,South Africa,2005,47880595
ZAF,South Africa,2006,48489464
ZAF,South Africa,2007,49119766
ZAF,South Africa,2008,49779472
ZAF,South Africa,2009,50477013
ZAF,South Africa,2010,51216967
ZAF,South Africa,2011,52003759
ZAF,South Africa,2012,52832659
ZAF,South Africa,2013,53687125
ZAF,South Africa,2014,54544184
ZAF,South Africa,2015,55386369
ZAF,South Africa,2016,56207649
ZAF,South Africa,2017,57009751
ZAF,South Africa,2018,57792520
ZAF,South Africa,2019,58558267
ZAF,South Africa,2020,59308690
ZAF,South Africa,2021,60041996
ZMB,Zambia,2005,11856244
ZMB,Zambia,2006,12173518
ZMB,Zambia,2007,12502958
ZMB,Zambia,2008,12848531
ZMB,Zambia,2009,13215142
ZMB,Zambia,2010,13605986
ZMB,Zambia,2011,14023199
ZMB,Zambia,2012,14465148
ZMB,Zambia,2013,14926551
ZMB,Zambia,2014,15399793
ZMB,Zambia,2015,15879370
ZMB,Zambia,2016,16363449
ZMB,Zambia,2017,16853608
ZMB,Zambia,2018,17351714
ZMB,Zambia,2019,17861034
ZMB,Zambia,2020,18383956
ZMB,Zambia,2021,18920657
ZWE,Zimbabwe,2005,12076697
ZWE,Zimbabwe,2006,12155496
ZWE,Zimbabwe,2007,12255920
ZWE,Zimbabwe,2008,12379553
ZWE,Zimbabwe,2009,12526964
ZWE,Zimbabwe,2010,12697728
ZWE,Zimbabwe,2011,12894323
ZWE,Zimbabwe,2012,13115149
ZWE,Zimbabwe,2013,13350378
ZWE,Zimbabwe,2014,13586710
ZWE,Zimbabwe,2015,13814642
ZWE,Zimbabwe,2016,14030338
ZWE,Zimbabwe,2017,14236599
ZWE,Zimbabwe,2018,14438812
ZWE,Zimbabwe,2019,14645473
ZWE,Zimbabwe,2020,14862927
ZWE,Zimbabwe,2021,15092171
